id,name,pinyin,aliases,common_brands,indications,contraindications,dosage,side_effects,precautions,storage,pregnancy_level,pregnancy_desc,lactation_level,lactation_desc,children_usable,children_desc,is_hot,is_active
3,阿奇霉素,aqimeisu,,希舒美、舒美特,适用于敏感细菌所引起的呼吸道感染、皮肤软组织感染、沙眼衣原体所致单纯性生殖器感染等。,对阿奇霉素、红霉素或其他大环内酯类药物过敏者禁用。,成人：一次0.5g，一日1次，连用3天。儿童：按体重一次10mg/kg，一日1次，连用3天。,可见腹泻、恶心、腹痛、稀便、呕吐等胃肠道反应。,肝功能不全者慎用；不宜与抗酸药同时服用；饭前1小时或饭后2小时服用。,遮光，密封，在干燥处保存。,B,孕期较安全,L2,哺乳期较安全,True,6个月以上儿童可用,True,True
4,奥司他韦,aositawei,,达菲、可威,用于成人和1岁及1岁以上儿童的甲型和乙型流感治疗。用于成人和13岁及13岁以上青少年的甲型和乙型流感的预防。,对本品任何成分过敏者禁用。,成人治疗：一次75mg，一日2次，连续5天。成人预防：一次75mg，一日1次，至少7天。儿童按体重调整剂量。,常见恶心、呕吐、腹泻、腹痛、头痛等。,应在流感症状开始的48小时内使用；肾功能不全者需调整剂量。,密封保存。,C,孕期权衡利弊使用,L2,哺乳期较安全,True,1岁以上儿童可用,True,True
7,莫匹罗星软膏,mobiluoxing,,百多邦,本品为局部外用抗生素，适用于革兰阳性球菌引起的皮肤感染，如脓疱病、疖肿、毛囊炎等原发性皮肤感染及湿疹合并感染、溃疡合并感染、创伤合并感染等继发性感染。,对本品过敏者禁用。,外用。取适量本品涂于患处，一日3次，疗程5天。可根据病情适当延长，但不宜超过10天。,偶见局部烧灼感、刺痛、瘙痒、干燥、红斑等。,避免接触眼睛和其他黏膜；不宜大面积使用；不宜长期使用。,密封保存。,B,孕期较安全,L1,哺乳期安全,True,儿童可用,False,True
8,炉甘石洗剂,luganshixiji,,,用于急性瘙痒性皮肤病，如湿疹、痱子等。,对本品过敏者禁用；有渗出液的皮肤部位禁用。,外用。用时摇匀，取适量涂于患处，一日2-3次。,偶见过敏反应。,仅供外用，不得口服；避免接触眼睛和黏膜；用前摇匀。,密封保存。,A,孕期安全,L1,哺乳期安全,True,儿童可用,False,True
9,阿司匹林,asipiling,,拜阿司匹灵、阿司匹林肠溶片,用于预防心脑血管疾病；用于解热镇痛；用于抗风湿。,对阿司匹林过敏者禁用；活动性溃疡病或其他原因引起的消化道出血禁用；血友病或血小板减少症禁用。,预防心脑血管疾病：一次75-100mg，一日1次。解热镇痛：一次0.3-0.6g，一日3次。,可见胃肠道反应、出血倾向、过敏反应等。,餐后服用；不宜与抗凝药同用；定期检查凝血功能。,遮光，密封保存。,D,孕期慎用,L3,哺乳期慎用,False,儿童慎用，可能引起瑞氏综合征,True,True
10,硝苯地平,xiaobendeping,,拜新同、伲福达,用于治疗高血压、冠心病、心绞痛。,对本品过敏者禁用；心源性休克禁用；急性心肌梗死禁用。,控释片：一次30mg，一日1次。缓释片：一次10-20mg，一日2-3次。,可见头痛、面部潮红、心悸、踝部水肿等。,不宜突然停药；低血压患者慎用；肝功能不全者慎用。,遮光，密封保存。,C,孕期权衡利弊使用,L2,哺乳期较安全,False,儿童用药安全性未确立,False,True
1,布洛芬,buluofen,,芬必得、美林,用于缓解轻至中度疼痛如头痛、关节痛、偏头痛、牙痛、肌肉痛、神经痛、痛经。也用于普通感冒或流行性感冒引起的发热。,对本品过敏者禁用；消化性溃疡患者禁用；严重肝肾功能不全者禁用。,成人：一次0.2g（1片），一日2-3次。儿童：按体重一次5-10mg/kg，每6-8小时一次。,可见恶心、呕吐、胃烧灼感、轻度消化不良、皮疹、头痛、头晕等。,不得空腹服用；不得长期或大量使用；与其他解热镇痛药同用可增加胃肠道不良反应。,遮光，密封保存。,C,孕晚期禁用,L1,哺乳期较安全,True,6个月以上儿童可用,True,True
5,奥美拉唑,aomeilazuo,,洛赛克、奥克,适用于胃溃疡、十二指肠溃疡、应激性溃疡、反流性食管炎和卓-艾综合征（胃泌素瘤）。,对本品过敏者禁用。,成人：一次20mg，一日1-2次。十二指肠溃疡疗程通常为2-4周。,可见腹泻、头痛、恶心、腹痛、便秘、胀气等。,不宜长期使用；肝功能不全者慎用；可能掩盖胃癌症状。,遮光，密封保存。,C,孕期权衡利弊使用,L2,哺乳期较安全,True,1岁以上儿童可用,True,True
2,对乙酰氨基酚,duiyixiananjifeng,扑热息痛,泰诺、百服宁、必理通,用于普通感冒或流行性感冒引起的发热，也用于缓解轻至中度疼痛如头痛、关节痛、偏头痛、牙痛、肌肉痛、神经痛、痛经。,对本品过敏者禁用；严重肝肾功能不全者禁用。,成人：一次0.5g，每4-6小时一次，24小时内不超过2g。儿童：按体重一次10-15mg/kg，每4-6小时一次。,偶见皮疹、荨麻疹、药热及粒细胞减少。长期大量用药可导致肝肾损害。,肝肾功能不全者慎用；不得同时服用含对乙酰氨基酚的其他药品；饮酒者慎用。,遮光，密封保存。,B,孕期相对安全,L1,哺乳期安全,True,3个月以上儿童可用,True,True
6,蒙脱石散,mengtuoshisan,,思密达、必奇,用于成人及儿童急、慢性腹泻。用于食道、胃、十二指肠疾病引起的相关疼痛症状的辅助治疗。,对本品过敏者禁用。,成人：一次1袋（3g），一日3次。儿童：1岁以下一日1袋，1-2岁一日1-2袋，2岁以上一日2-3袋。,可见便秘，通常减量后可消失。,空腹服用效果更佳；严重便秘者慎用；不影响其他药物吸收。,密封保存。,B,孕期安全,L1,哺乳期安全,True,新生儿可用,True,True
11,连花清瘟胶囊,lianhuaqingwen jiaonang,,以岭,用于治疗流行性感冒、热毒袭肺证。,运动员慎用；过敏体质者慎用。,口服，一次4粒，一日3次。,胃肠道不适,忌烟酒及辛辣油腻食物。,密封保存。,,,,,True,,True,True
12,板蓝根颗粒,banlangen keli,,同仁堂,用于清热解毒、凉血利咽。,孕妇慎用；体质虚寒者慎用。,口服，一次1袋，一日3次。,偶见恶心、呕吐,不宜长期服用。,密封保存。,,,,,True,,False,True
13,双黄连口服液,shuanghuanglian koufuye,,同仁堂,用于清热解毒。,孕妇慎用；脾胃虚寒者慎用。,口服，一次20ml，一日3次。,胃肠道反应,忌辛辣油腻食物。,密封保存。,,,,,True,,False,True
14,多潘立酮,duopanlitong,,吗丁啉,用于消化不良、腹胀、嗳气。,机械性肠梗阻禁用；嗜铬细胞瘤禁用。,口服，一次10mg，一日3次。,偶见头痛、头晕,孕妇慎用；哺乳期妇女使用时应停止哺乳。,密封保存。,,,,,True,,False,True
15,铝碳酸镁,lv tansuanmei,,达喜,用于胃酸过多、反酸、烧心。,肾功能不全者禁用。,口服，一次1g，一日4次。,便秘,长期使用需定期检查血铝。,密封保存。,,,,,True,,False,True
16,果胶铋,guaojiao bi,,舒克斐,用于保护胃粘膜。,对本品过敏者禁用。,口服，一次1g，一日3次。,偶见便秘,本品不影响其他药物吸收。,密封保存。,,,,,True,,False,True
17,氨氯地平,anludiping,,络活喜,用于高血压、心绞痛。,严重低血压禁用；对二氢吡啶类过敏者禁用。,口服，一次5mg，一日1次。,头痛、面部潮红、水肿,肝功能不全者慎用；避免与葡萄柚汁同服。,遮光保存。,,,,,True,,False,True
18,阿托伐他汀,atuofatating,,立普妥,用于高胆固醇血症。,活动性肝病患者禁用。,口服，一次10mg，一日1次。,肝功能异常、肌肉疼痛,定期检查肝功能；避免与葡萄柚汁同服。,密封保存。,,,,,True,,False,True
19,硫酸氢氯吡格雷,liusuanqinglubigelei,,波立维,用于预防心脑血管血栓。,活动性出血者禁用。,口服，一次75mg，一日1次。,出血、淤斑,手术前7天需停用；注意出血倾向。,密封保存。,,,,,True,,False,True
20,头孢拉定,toubaolading,,先锋霉素6号,用于敏感菌所致的各种感染。,对头孢类抗生素过敏者禁用。,口服，一次0.5g，一日4次。,胃肠道反应、过敏,青霉素过敏者慎用；饮酒后禁用。,密封保存。,,,,,True,,False,True
21,左氧氟沙星,zuoyangfushaxing,,可乐必妥,用于敏感菌引起的各种感染。,对喹诺酮类过敏者禁用；18岁以下禁用。,口服，一次0.2g，一日2次。,胃肠道反应、中枢神经系统反应,避免阳光直射；注意肌腱炎风险。,遮光保存。,,,,,True,,False,True
22,特非那定,tefeinading,,扑尔敏,用于皮肤过敏。,对本品过敏者禁用。,口服，一次4mg，一日3次。,嗜睡、口干,服药期间避免驾驶；饮酒后禁用。,密封保存。,,,,,True,,False,True
23,氯雷他定,lufeitading,,开瑞坦,用于过敏性鼻炎、荨麻疹。,对本品过敏者禁用。,口服，一次10mg，一日1次。,头痛、嗜睡,部分人可能仍有嗜睡，驾驶时需注意。,密封保存。,,,,,True,,False,True
24,地奈德,dinaide,,皮炎平,用于湿疹、皮炎、皮肤瘙痒症。,对本品过敏者禁用。,外用，一日2-3次。,局部刺激,避免接触眼睛；不建议大面积使用。,密封保存。,,,,,True,,False,True
25,双氯芬酸钠,shuanglvfensuanna,,扶他林,用于缓解疼痛和炎症。,活动性消化道溃疡者禁用。,口服，一次25mg，一日3次。,胃肠道反应,餐后服用；有胃病史者慎用。,密封保存。,,,,,True,,False,True
26,塞来昔布,selaixibu,,西乐葆,用于缓解骨关节炎疼痛。,对磺胺过敏者禁用。,口服，一次100mg，一日2次。,胃肠道反应、心血管风险,有心血管病史者慎用；最低有效剂量。,密封保存。,,,,,True,,False,True
27,洛索洛芬,luosuoluofen,,乐松,用于疼痛和炎症。,活动性消化道溃疡者禁用。,"口服，一次60mg, 一日3次。",胃肠道反应,餐后服用；有哮喘史者慎用。,密封保存。,,,,,True,,False,True
28,维生素C片,weishengsu C pian,,力度伸,用于维生素C缺乏症。,对本品过敏者禁用。,口服，一次0.1g，一日3次。,长期大量使用可致腹泻,不宜长期大量服用。,密封保存。,,,,,True,,False,True
29,维生素D滴剂,weishengsu D diji,,星鲨,用于预防和治疗维生素D缺乏症。,高钙血症禁用。,口服，一次1粒，一日1-2次。,过量使用可中毒,按推荐剂量服用。,密封保存。,,,,,True,,False,True
30,复合维生素B,fuhe weishengsu B,,金维他,用于维生素B族缺乏症。,对本品任何成分过敏者禁用。,口服，一次1片，一日1次。,罕见过敏反应,尿液可能变黄。,密封保存。,,,,,True,,False,True
31,六味地黄丸,liuwei dihuang wan,,,用于肾阴亏损。,感冒发热患者不宜服用。,口服，一次8丸，一日3次。,罕见胃肠道不适,忌辛辣食物。,密封保存。,,,,,True,,False,True
32,逍遥丸,xiaoyao wan,,,用于肝郁脾虚。,孕妇慎用；感冒时暂停服用。,口服，一次8丸，一日3次。,罕见胃肠道反应,忌食生冷。,密封保存。,,,,,True,,False,True
33,复方丹参滴丸,fufang dansen diwan,,天士力,用于气滞血瘀。,孕妇慎用。,口服，一次10丸，一日3次。,胃肠道不适,寒凝血瘀者慎用。,密封保存。,,,,,True,,False,True
34,安宫牛黄丸,angong niuhuang wan,,,用于热病神昏。,孕妇禁用。,口服，一次1丸，一日1次。,罕见,本品含剧毒药，按说明书服用。,密封保存。,,,,,True,,False,True
35,开塞露,kaisailu,,,用于便秘。,对本品过敏者禁用。,肛内注入，成人一次20ml。,偶见腹部不适,不宜长期使用。,密封保存。,,,,,True,,False,True
36,碘伏,dianfu,,,用于皮肤、黏膜消毒。,对本品过敏者禁用。,外用，涂擦患处。,偶见过敏反应,不可内服；避免接触眼睛。,密封保存。,,,,,True,,False,True
37,医用酒精,yiyong jiujing,,,用于皮肤消毒。,,外用，涂抹患处。,偶见过敏,易燃，远离火源。,阴凉处保存。,,,,,True,,False,True
38,阿来替尼胶囊（安圣莎）,阿来替尼胶囊（安圣莎）,,安圣莎,阿来替尼，规格：150mg,详见说明书,详见说明书,详见说明书,详见原研药说明书,,,,,,True,,True,True
39,莫西沙星片（拜复乐）,莫西沙星片（拜复乐）,,拜复乐,莫西沙星，规格：400mg,详见说明书,详见说明书,详见说明书,详见原研药说明书,,,,,,True,,True,True
40,奥拉帕利片（利普卓）,奥拉帕利片（利普卓）,,利普卓,奥拉帕利，规格：150mg,详见说明书,详见说明书,详见说明书,详见原研药说明书,,,,,,True,,True,True
41,恩替卡韦分散片（博路定）,恩替卡韦分散片（博路定）,,博路定,恩替卡韦，规格：0.5mg,详见说明书,详见说明书,详见说明书,详见原研药说明书,,,,,,True,,True,True
42,维兰特罗/氟替卡松吸入粉雾剂（伟思罗）,维兰特罗/氟替卡松吸入粉雾剂（伟思罗）,,伟思罗,维兰特罗/氟替卡松，规格：25μg/100μg,详见说明书,详见说明书,详见说明书,详见原研药说明书,,,,,,True,,True,True
43,达巴万星注射液（达尔文）,达巴万星注射液（达尔文）,,达尔文,达巴万星，规格：500mg,详见说明书,详见说明书,详见说明书,详见原研药说明书,,,,,,True,,True,True
44,阿利沙坦酯片（信立坦）,阿利沙坦酯片（信立坦）,,信立坦,阿利沙坦，规格：40mg,详见说明书,详见说明书,详见说明书,详见原研药说明书,,,,,,True,,True,True
45,贝伐珠单抗注射液（安维汀）,贝伐珠单抗注射液（安维汀）,,安维汀,贝伐珠单抗，规格：100mg/4ml,详见说明书,详见说明书,详见说明书,详见原研药说明书,,,,,,True,,True,True
46,西格列汀片（捷诺维）,西格列汀片（捷诺维）,,捷诺维,西格列汀，规格：100mg,详见说明书,详见说明书,详见说明书,详见原研药说明书,,,,,,True,,True,True
47,依度沙班片（利时敏）,依度沙班片（利时敏）,,利时敏,依度沙班，规格：60mg,详见说明书,详见说明书,详见说明书,详见原研药说明书,,,,,,True,,True,True
48,维莫非尼片（佐博伏）,维莫非尼片（佐博伏）,,佐博伏,维莫非尼，规格：240mg,详见说明书,详见说明书,详见说明书,详见原研药说明书,,,,,,True,,True,True
49,厄贝沙坦片（安博诺）,厄贝沙坦片（安博诺）,,安博诺,厄贝沙坦，规格：150mg,详见说明书,详见说明书,详见说明书,详见原研药说明书,,,,,,True,,True,True
50,恩替卡韦分散片（博路定）,恩替卡韦分散片（博路定）,,博路定,恩替卡韦，规格：0.5mg,详见说明书,详见说明书,详见说明书,详见原研药说明书,,,,,,True,,True,True
51,利托那韦片（诺力平）,利托那韦片（诺力平）,,诺力平,利托那韦，规格：100mg,详见说明书,详见说明书,详见说明书,详见原研药说明书,,,,,,True,,True,True
52,非洛地平缓释片（波依定）,非洛地平缓释片（波依定）,,波依定,非洛地平，规格：5mg,详见说明书,详见说明书,详见说明书,详见原研药说明书,,,,,,True,,True,True
53,阿德福韦酯片（阿迪仙）,阿德福韦酯片（阿迪仙）,,阿迪仙,阿德福韦酯，规格：10mg,详见说明书,详见说明书,详见说明书,详见原研药说明书,,,,,,True,,True,True
54,阿卡波糖片（拜糖平）,阿卡波糖片（拜糖平）,,拜糖平,阿卡波糖，规格：50mg,详见说明书,详见说明书,详见说明书,详见原研药说明书,,,,,,True,,True,True
55,沙格列汀片（安达唐）,沙格列汀片（安达唐）,,安达唐,沙格列汀，规格：5mg,详见说明书,详见说明书,详见说明书,详见原研药说明书,,,,,,True,,True,True
56,巴洛沙韦片（速畅）,巴洛沙韦片（速畅）,,速畅,巴洛沙韦，规格：20mg,详见说明书,详见说明书,详见说明书,详见原研药说明书,,,,,,True,,True,True
57,索马鲁肽注射液（诺和泰）,索马鲁肽注射液（诺和泰）,,诺和泰,索马鲁肽，规格：1.34mg/ml,详见说明书,详见说明书,详见说明书,详见原研药说明书,,,,,,True,,True,True
58,利托那韦片（诺力平）,利托那韦片（诺力平）,,诺力平,利托那韦，规格：100mg,详见说明书,详见说明书,详见说明书,详见原研药说明书,,,,,,True,,True,True
59,利奈唑胺片（再普乐）,利奈唑胺片（再普乐）,,再普乐,利奈唑胺，规格：600mg,详见说明书,详见说明书,详见说明书,详见原研药说明书,,,,,,True,,True,True
60,普瑞巴林胶囊（乐瑞卡）,普瑞巴林胶囊（乐瑞卡）,,乐瑞卡,普瑞巴林，规格：75mg,详见说明书,详见说明书,详见说明书,详见原研药说明书,,,,,,True,,True,True
61,利伐沙班片（拜瑞妥）,利伐沙班片（拜瑞妥）,,拜瑞妥,利伐沙班，规格：10mg,详见说明书,详见说明书,详见说明书,详见原研药说明书,,,,,,True,,True,True
62,帕博利珠单抗注射液（可瑞达）,帕博利珠单抗注射液（可瑞达）,,可瑞达,帕博利珠单抗，规格：100mg/4ml,详见说明书,详见说明书,详见说明书,详见原研药说明书,,,,,,True,,True,True
63,伊马替尼片（格列卫）,伊马替尼片（格列卫）,,格列卫,伊马替尼，规格：100mg,详见说明书,详见说明书,详见说明书,详见原研药说明书,,,,,,True,,True,True
64,沙美特罗/丙酸氟替卡松吸入气雾剂（舒利迭）,沙美特罗/丙酸氟替卡松吸入气雾剂（舒利迭）,,舒利迭,沙美特罗/丙酸氟替卡松，规格：50μg/250μg,详见说明书,详见说明书,详见说明书,详见原研药说明书,,,,,,True,,True,True
65,拉米夫定片（贺普丁）,拉米夫定片（贺普丁）,,贺普丁,拉米夫定，规格：100mg,详见说明书,详见说明书,详见说明书,详见原研药说明书,,,,,,True,,True,True
66,特拉唑嗪片（复代文）,特拉唑嗪片（复代文）,,复代文,特拉唑嗪，规格：2mg,详见说明书,详见说明书,详见说明书,详见原研药说明书,,,,,,True,,True,True
67,度拉糖肽注射液（度易达）,度拉糖肽注射液（度易达）,,度易达,度拉糖肽，规格：0.75mg/0.5ml,详见说明书,详见说明书,详见说明书,详见原研药说明书,,,,,,True,,True,True
68,兰索拉唑肠溶胶囊（达克普隆）,兰索拉唑肠溶胶囊（达克普隆）,,达克普隆,兰索拉唑，规格：30mg,详见说明书,详见说明书,详见说明书,详见原研药说明书,,,,,,True,,True,True
69,达沙替尼片（施达赛）,达沙替尼片（施达赛）,,施达赛,达沙替尼，规格：50mg,详见说明书,详见说明书,详见说明书,详见原研药说明书,,,,,,True,,True,True
70,美罗培南注射液（美平）,美罗培南注射液（美平）,,美平,美罗培南，规格：1.0g,详见说明书,详见说明书,详见说明书,详见原研药说明书,,,,,,True,,True,True
71,磷酸奥司他韦胶囊（达菲）,磷酸奥司他韦胶囊（达菲）,,达菲,奥司他韦，规格：75mg,详见说明书,详见说明书,详见说明书,详见原研药说明书,,,,,,True,,True,True
72,巴洛沙韦片（晴乐）,巴洛沙韦片（晴乐）,,晴乐,巴洛沙韦，规格：20mg,详见说明书,详见说明书,详见说明书,详见原研药说明书,,,,,,True,,True,True
73,达巴万星注射液（达托明）,达巴万星注射液（达托明）,,达托明,达巴万星，规格：500mg,详见说明书,详见说明书,详见说明书,详见原研药说明书,,,,,,True,,True,True
74,阿利吉仑片（雷恩心）,阿利吉仑片（雷恩心）,,雷恩心,阿利吉仑，规格：150mg,详见说明书,详见说明书,详见说明书,详见原研药说明书,,,,,,True,,True,True
75,埃索美拉唑镁肠溶胶囊（新胃美）,埃索美拉唑镁肠溶胶囊（新胃美）,,新胃美,埃索美拉唑，规格：20mg,详见说明书,详见说明书,详见说明书,详见原研药说明书,,,,,,True,,True,True
76,索磷布韦片（索华迪）,索磷布韦片（索华迪）,,索华迪,索磷布韦，规格：400mg,详见说明书,详见说明书,详见说明书,详见原研药说明书,,,,,,True,,True,True
77,奥美沙坦片（傲坦）,奥美沙坦片（傲坦）,,傲坦,奥美沙坦，规格：20mg,详见说明书,详见说明书,详见说明书,详见原研药说明书,,,,,,True,,True,True
78,加巴喷丁胶囊（迈乐）,加巴喷丁胶囊（迈乐）,,迈乐,加巴喷丁，规格：300mg,详见说明书,详见说明书,详见说明书,详见原研药说明书,,,,,,True,,True,True
79,艾塞那肽注射液（百泌达）,艾塞那肽注射液（百泌达）,,百泌达,艾塞那肽，规格：5μg/20μL,详见说明书,详见说明书,详见说明书,详见原研药说明书,,,,,,True,,True,True
80,瑞格列奈片（诺和龙）,瑞格列奈片（诺和龙）,,诺和龙,瑞格列奈，规格：1mg,详见说明书,详见说明书,详见说明书,详见原研药说明书,,,,,,True,,True,True
81,维格列汀片（佳维乐）,维格列汀片（佳维乐）,,佳维乐,维格列汀，规格：50mg,详见说明书,详见说明书,详见说明书,详见原研药说明书,,,,,,True,,True,True
82,茚达特罗/格隆溴铵吸入粉雾剂（欧适维）,茚达特罗/格隆溴铵吸入粉雾剂（欧适维）,,欧适维,茚达特罗/格隆溴铵，规格：110μg/50μg,详见说明书,详见说明书,详见说明书,详见原研药说明书,,,,,,True,,True,True
83,利奈唑胺片（再普乐）,利奈唑胺片（再普乐）,,再普乐,利奈唑胺，规格：600mg,详见说明书,详见说明书,详见说明书,详见原研药说明书,,,,,,True,,True,True
84,索拉非尼片（多吉美）,索拉非尼片（多吉美）,,多吉美,索拉非尼，规格：200mg,详见说明书,详见说明书,详见说明书,详见原研药说明书,,,,,,True,,True,True
85,莫西沙星片（拜复乐）,莫西沙星片（拜复乐）,,拜复乐,莫西沙星，规格：0.4g,详见说明书,详见说明书,详见说明书,详见原研药说明书,,,,,,True,,True,True
86,替诺福韦片（韦瑞德）,替诺福韦片（韦瑞德）,,韦瑞德,替诺福韦，规格：25mg,详见说明书,详见说明书,详见说明书,详见原研药说明书,,,,,,True,,True,True
87,泮托拉唑钠肠溶片（泰胃美）,泮托拉唑钠肠溶片（泰胃美）,,泰胃美,泮托拉唑，规格：40mg,详见说明书,详见说明书,详见说明书,详见原研药说明书,,,,,,True,,True,True
88,氨氯地平贝特片（络活喜）,氨氯地平贝特片（络活喜）,,络活喜,氨氯地平，规格：5mg,详见说明书,详见说明书,详见说明书,详见原研药说明书,,,,,,True,,True,True
89,克唑替尼胶囊（赛可瑞）,克唑替尼胶囊（赛可瑞）,,赛可瑞,克唑替尼，规格：250mg,详见说明书,详见说明书,详见说明书,详见原研药说明书,,,,,,True,,True,True
90,艾尔巴韦/格拉瑞韦片（艾诺宁）,艾尔巴韦/格拉瑞韦片（艾诺宁）,,艾诺宁,艾尔巴韦/格拉瑞韦，规格：50mg/100mg,详见说明书,详见说明书,详见说明书,详见原研药说明书,,,,,,True,,True,True
91,度洛西汀肠溶胶囊（欣百达）,度洛西汀肠溶胶囊（欣百达）,,欣百达,度洛西汀，规格：60mg,详见说明书,详见说明书,详见说明书,详见原研药说明书,,,,,,True,,True,True
92,贝那普利氢氯噻嗪片（洛汀新）,贝那普利氢氯噻嗪片（洛汀新）,,洛汀新,贝那普利，规格：10mg/12.5mg,详见说明书,详见说明书,详见说明书,详见原研药说明书,,,,,,True,,True,True
93,利拉鲁肽注射液（诺和力）,利拉鲁肽注射液（诺和力）,,诺和力,利拉鲁肽，规格：18mg/3ml,详见说明书,详见说明书,详见说明书,详见原研药说明书,,,,,,True,,True,True
94,沙库巴曲缬沙坦钠片（安欣汀）,沙库巴曲缬沙坦钠片（安欣汀）,,安欣汀,沙库巴曲，规格：50mg/51mg,详见说明书,详见说明书,详见说明书,详见原研药说明书,,,,,,True,,True,True
95,利普卡替尼片（艾瑞妮）,利普卡替尼片（艾瑞妮）,,艾瑞妮,利普卡替尼，规格：50mg,详见说明书,详见说明书,详见说明书,详见原研药说明书,,,,,,True,,True,True
96,达比加群酯胶囊（泰毕全）,达比加群酯胶囊（泰毕全）,,泰毕全,达比加群，规格：110mg,详见说明书,详见说明书,详见说明书,详见原研药说明书,,,,,,True,,True,True
97,利格列汀片（欧唐静）,利格列汀片（欧唐静）,,欧唐静,利格列汀，规格：5mg,详见说明书,详见说明书,详见说明书,详见原研药说明书,,,,,,True,,True,True
98,缬沙坦片（代文）,缬沙坦片（代文）,,代文,缬沙坦，规格：80mg,详见说明书,详见说明书,详见说明书,详见原研药说明书,,,,,,True,,True,True
99,卡格列净片（科磊）,卡格列净片（科磊）,,科磊,卡格列净，规格：100mg,详见说明书,详见说明书,详见说明书,详见原研药说明书,,,,,,True,,True,True
100,阿德福韦酯片（恩甘定）,阿德福韦酯片（恩甘定）,,恩甘定,阿德福韦酯，规格：10mg,详见说明书,详见说明书,详见说明书,详见原研药说明书,,,,,,True,,True,True
101,阿比多尔片（凯力达）,阿比多尔片（凯力达）,,凯力达,阿比多尔，规格：100mg,详见说明书,详见说明书,详见说明书,详见原研药说明书,,,,,,True,,True,True
102,纳武利尤单抗注射液（欧狄沃）,纳武利尤单抗注射液（欧狄沃）,,欧狄沃,纳武利尤单抗，规格：100mg/10ml,详见说明书,详见说明书,详见说明书,详见原研药说明书,,,,,,True,,True,True
103,艾司奥美拉唑镁肠溶片（耐信）,艾司奥美拉唑镁肠溶片（耐信）,,耐信,艾司奥美拉唑，规格：20mg,详见说明书,详见说明书,详见说明书,详见原研药说明书,,,,,,True,,True,True
104,达卡他韦片（倍希维）,达卡他韦片（倍希维）,,倍希维,达卡他韦，规格：60mg,详见说明书,详见说明书,详见说明书,详见原研药说明书,,,,,,True,,True,True
105,替加环素注射液（泰阁）,替加环素注射液（泰阁）,,泰阁,替加环素，规格：50mg,详见说明书,详见说明书,详见说明书,详见原研药说明书,,,,,,True,,True,True
106,厄洛替尼片（特罗凯）,厄洛替尼片（特罗凯）,,特罗凯,厄洛替尼，规格：150mg,详见说明书,详见说明书,详见说明书,详见原研药说明书,,,,,,True,,True,True
107,拉贝洛尔片（通心络）,拉贝洛尔片（通心络）,,通心络,拉贝洛尔，规格：100mg,详见说明书,详见说明书,详见说明书,详见原研药说明书,,,,,,True,,True,True
108,艾尔巴韦格拉瑞韦片（艾诺欣）,艾尔巴韦格拉瑞韦片（艾诺欣）,,艾诺欣,艾尔巴韦格拉瑞韦，规格：50mg/100mg,详见说明书,详见说明书,详见说明书,详见原研药说明书,,,,,,True,,True,True
109,利西诺普利片（捷赐瑞）,利西诺普利片（捷赐瑞）,,捷赐瑞,利西诺普利，规格：10mg,详见说明书,详见说明书,详见说明书,详见原研药说明书,,,,,,True,,True,True
110,阿哌沙班片（艾乐妥）,阿哌沙班片（艾乐妥）,,艾乐妥,阿哌沙班，规格：2.5mg,详见说明书,详见说明书,详见说明书,详见原研药说明书,,,,,,True,,True,True
111,文拉法辛缓释胶囊（怡诺思）,文拉法辛缓释胶囊（怡诺思）,,怡诺思,文拉法辛，规格：75mg,详见说明书,详见说明书,详见说明书,详见原研药说明书,,,,,,True,,True,True
112,泰诺福韦艾拉酚胺片（韦立得）,泰诺福韦艾拉酚胺片（韦立得）,,韦立得,泰诺福韦艾拉酚胺，规格：25mg,详见说明书,详见说明书,详见说明书,详见原研药说明书,,,,,,True,,True,True
113,替诺福韦酯片（韦瑞德）,替诺福韦酯片（韦瑞德）,,韦瑞德,替诺福韦，规格：300mg,详见说明书,详见说明书,详见说明书,详见原研药说明书,,,,,,True,,True,True
114,阿法替尼片（吉泰瑞）,阿法替尼片（吉泰瑞）,,吉泰瑞,阿法替尼，规格：40mg,详见说明书,详见说明书,详见说明书,详见原研药说明书,,,,,,True,,True,True
115,雷贝拉唑钠肠溶片（瑞波特）,雷贝拉唑钠肠溶片（瑞波特）,,瑞波特,雷贝拉唑，规格：10mg,详见说明书,详见说明书,详见说明书,详见原研药说明书,,,,,,True,,True,True
116,恩格列净片（恩格卡）,恩格列净片（恩格卡）,,恩格卡,恩格列净，规格：10mg,详见说明书,详见说明书,详见说明书,详见原研药说明书,,,,,,True,,True,True
117,帕罗西汀片（赛乐特）,帕罗西汀片（赛乐特）,,赛乐特,帕罗西汀，规格：20mg,详见说明书,详见说明书,详见说明书,详见原研药说明书,,,,,,True,,True,True
118,坎地沙坦片（必洛斯）,坎地沙坦片（必洛斯）,,必洛斯,坎地沙坦，规格：8mg,详见说明书,详见说明书,详见说明书,详见原研药说明书,,,,,,True,,True,True
119,美罗培南注射液（美平）,美罗培南注射液（美平）,,美平,美罗培南，规格：1.0g,详见说明书,详见说明书,详见说明书,详见原研药说明书,,,,,,True,,True,True
120,奥美拉唑肠溶胶囊（洛赛克）,奥美拉唑肠溶胶囊（洛赛克）,,洛赛克,奥美拉唑，规格：20mg,详见说明书,详见说明书,详见说明书,详见原研药说明书,,,,,,True,,True,True
121,拉米夫定片（贺普丁）,拉米夫定片（贺普丁）,,贺普丁,拉米夫定，规格：100mg,详见说明书,详见说明书,详见说明书,详见原研药说明书,,,,,,True,,True,True
122,阿比多尔片（阿比特）,阿比多尔片（阿比特）,,阿比特,阿比多尔，规格：100mg,详见说明书,详见说明书,详见说明书,详见原研药说明书,,,,,,True,,True,True
123,吡格列酮片（艾可拓）,吡格列酮片（艾可拓）,,艾可拓,吡格列酮，规格：15mg,详见说明书,详见说明书,详见说明书,详见原研药说明书,,,,,,True,,True,True
124,阿替利珠单抗注射液（泰圣奇）,阿替利珠单抗注射液（泰圣奇）,,泰圣奇,阿替利珠单抗，规格：1200mg/20ml,详见说明书,详见说明书,详见说明书,详见原研药说明书,,,,,,True,,True,True
125,尼卡地平缓释片（拜新同）,尼卡地平缓释片（拜新同）,,拜新同,尼卡地平，规格：40mg,详见说明书,详见说明书,详见说明书,详见原研药说明书,,,,,,True,,True,True
126,瑞戈非尼片（拜万戈）,瑞戈非尼片（拜万戈）,,拜万戈,瑞戈非尼，规格：40mg,详见说明书,详见说明书,详见说明书,详见原研药说明书,,,,,,True,,True,True
127,噻托溴铵吸入粉雾剂（思力华）,噻托溴铵吸入粉雾剂（思力华）,,思力华,噻托溴铵，规格：18μg,详见说明书,详见说明书,详见说明书,详见原研药说明书,,,,,,True,,True,True
128,舍曲林片（左洛复）,舍曲林片（左洛复）,,左洛复,舍曲林，规格：50mg,详见说明书,详见说明书,详见说明书,详见原研药说明书,,,,,,True,,True,True
129,卡博替尼片（卡博西）,卡博替尼片（卡博西）,,卡博西,卡博替尼，规格：20mg,详见说明书,详见说明书,详见说明书,详见原研药说明书,,,,,,True,,True,True
130,奥希替尼片（泰瑞沙）,奥希替尼片（泰瑞沙）,,泰瑞沙,奥希替尼，规格：80mg,详见说明书,详见说明书,详见说明书,详见原研药说明书,,,,,,True,,True,True
131,曲美替尼片（美适亚）,曲美替尼片（美适亚）,,美适亚,曲美替尼，规格：2mg,详见说明书,详见说明书,详见说明书,详见原研药说明书,,,,,,True,,True,True
132,西妥昔单抗注射液（爱必妥）,西妥昔单抗注射液（爱必妥）,,爱必妥,西妥昔单抗，规格：100mg/20ml,详见说明书,详见说明书,详见说明书,详见原研药说明书,,,,,,True,,True,True
133,替加环素注射液（泰阁）,替加环素注射液（泰阁）,,泰阁,替加环素，规格：50mg,详见说明书,详见说明书,详见说明书,详见原研药说明书,,,,,,True,,True,True
134,阿格列汀片（尼欣那）,阿格列汀片（尼欣那）,,尼欣那,阿格列汀，规格：25mg,详见说明书,详见说明书,详见说明书,详见原研药说明书,,,,,,True,,True,True
135,尼洛替尼胶囊（达希纳）,尼洛替尼胶囊（达希纳）,,达希纳,尼洛替尼，规格：200mg,详见说明书,详见说明书,详见说明书,详见原研药说明书,,,,,,True,,True,True
177,藿香正气,藿香正气,,,藿香正气，详见说明书,详见说明书,详见说明书,详见说明书,详见说明书,,,,,,True,,True,True
136,达格列净片（安达唐）,达格列净片（安达唐）,,安达唐,达格列净，规格：10mg,详见说明书,详见说明书,详见说明书,详见原研药说明书,,,,,,True,,True,True
137,达卡他韦片（达科为）,达卡他韦片（达科为）,,达科为,达卡他韦，规格：60mg,详见说明书,详见说明书,详见说明书,详见原研药说明书,,,,,,True,,True,True
138,吲哚美辛,吲哚美辛,,,吲哚美辛，详见说明书,详见说明书,详见说明书,详见说明书,详见说明书,,,,,,True,,True,True
139,奈普生,奈普生,,,奈普生，详见说明书,详见说明书,详见说明书,详见说明书,详见说明书,,,,,,True,,True,True
140,头孢克肟,头孢克肟,,,头孢克肟，详见说明书,详见说明书,详见说明书,详见说明书,详见说明书,,,,,,True,,True,True
141,头孢呋辛,头孢呋辛,,,头孢呋辛，详见说明书,详见说明书,详见说明书,详见说明书,详见说明书,,,,,,True,,True,True
142,阿莫西林,阿莫西林,,,阿莫西林，详见说明书,详见说明书,详见说明书,详见说明书,详见说明书,,,,,,True,,True,True
143,克拉霉素,克拉霉素,,,克拉霉素，详见说明书,详见说明书,详见说明书,详见说明书,详见说明书,,,,,,True,,True,True
144,罗红霉素,罗红霉素,,,罗红霉素，详见说明书,详见说明书,详见说明书,详见说明书,详见说明书,,,,,,True,,True,True
145,莫西沙星,莫西沙星,,,莫西沙星，详见说明书,详见说明书,详见说明书,详见说明书,详见说明书,,,,,,True,,True,True
146,非洛地平,非洛地平,,,非洛地平，详见说明书,详见说明书,详见说明书,详见说明书,详见说明书,,,,,,True,,True,True
147,厄贝沙坦,厄贝沙坦,,,厄贝沙坦，详见说明书,详见说明书,详见说明书,详见说明书,详见说明书,,,,,,True,,True,True
148,缬沙坦,缬沙坦,,,缬沙坦，详见说明书,详见说明书,详见说明书,详见说明书,详见说明书,,,,,,True,,True,True
149,替米沙坦,替米沙坦,,,替米沙坦，详见说明书,详见说明书,详见说明书,详见说明书,详见说明书,,,,,,True,,True,True
150,氯沙坦,氯沙坦,,,氯沙坦，详见说明书,详见说明书,详见说明书,详见说明书,详见说明书,,,,,,True,,True,True
151,美托洛尔,美托洛尔,,,美托洛尔，详见说明书,详见说明书,详见说明书,详见说明书,详见说明书,,,,,,True,,True,True
152,比索洛尔,比索洛尔,,,比索洛尔，详见说明书,详见说明书,详见说明书,详见说明书,详见说明书,,,,,,True,,True,True
153,瑞舒伐他汀,瑞舒伐他汀,,,瑞舒伐他汀，详见说明书,详见说明书,详见说明书,详见说明书,详见说明书,,,,,,True,,True,True
154,辛伐他汀,辛伐他汀,,,辛伐他汀，详见说明书,详见说明书,详见说明书,详见说明书,详见说明书,,,,,,True,,True,True
155,非诺贝特,非诺贝特,,,非诺贝特，详见说明书,详见说明书,详见说明书,详见说明书,详见说明书,,,,,,True,,True,True
156,二甲双胍,二甲双胍,,,二甲双胍，详见说明书,详见说明书,详见说明书,详见说明书,详见说明书,,,,,,True,,True,True
157,格列美脲,格列美脲,,,格列美脲，详见说明书,详见说明书,详见说明书,详见说明书,详见说明书,,,,,,True,,True,True
158,格列齐特,格列齐特,,,格列齐特，详见说明书,详见说明书,详见说明书,详见说明书,详见说明书,,,,,,True,,True,True
159,瑞格列奈,瑞格列奈,,,瑞格列奈，详见说明书,详见说明书,详见说明书,详见说明书,详见说明书,,,,,,True,,True,True
160,阿卡波糖,阿卡波糖,,,阿卡波糖，详见说明书,详见说明书,详见说明书,详见说明书,详见说明书,,,,,,True,,True,True
161,兰索拉唑,兰索拉唑,,,兰索拉唑，详见说明书,详见说明书,详见说明书,详见说明书,详见说明书,,,,,,True,,True,True
162,雷贝拉唑,雷贝拉唑,,,雷贝拉唑，详见说明书,详见说明书,详见说明书,详见说明书,详见说明书,,,,,,True,,True,True
163,泮托拉唑,泮托拉唑,,,泮托拉唑，详见说明书,详见说明书,详见说明书,详见说明书,详见说明书,,,,,,True,,True,True
164,莫沙必利,莫沙必利,,,莫沙必利，详见说明书,详见说明书,详见说明书,详见说明书,详见说明书,,,,,,True,,True,True
165,西替利嗪,西替利嗪,,,西替利嗪，详见说明书,详见说明书,详见说明书,详见说明书,详见说明书,,,,,,True,,True,True
166,咪唑斯汀,咪唑斯汀,,,咪唑斯汀，详见说明书,详见说明书,详见说明书,详见说明书,详见说明书,,,,,,True,,True,True
167,非索非那定,非索非那定,,,非索非那定，详见说明书,详见说明书,详见说明书,详见说明书,详见说明书,,,,,,True,,True,True
168,依巴斯汀,依巴斯汀,,,依巴斯汀，详见说明书,详见说明书,详见说明书,详见说明书,详见说明书,,,,,,True,,True,True
169,单硝酸异山梨酯,单硝酸异山梨酯,,,单硝酸异山梨酯，详见说明书,详见说明书,详见说明书,详见说明书,详见说明书,,,,,,True,,True,True
170,胺碘酮,胺碘酮,,,胺碘酮，详见说明书,详见说明书,详见说明书,详见说明书,详见说明书,,,,,,True,,True,True
171,地高辛,地高辛,,,地高辛，详见说明书,详见说明书,详见说明书,详见说明书,详见说明书,,,,,,True,,True,True
172,华法林,华法林,,,华法林，详见说明书,详见说明书,详见说明书,详见说明书,详见说明书,,,,,,True,,True,True
173,利伐沙班,利伐沙班,,,利伐沙班，详见说明书,详见说明书,详见说明书,详见说明书,详见说明书,,,,,,True,,True,True
174,连花清瘟,连花清瘟,,,连花清瘟，详见说明书,详见说明书,详见说明书,详见说明书,详见说明书,,,,,,True,,True,True
175,板蓝根,板蓝根,,,板蓝根，详见说明书,详见说明书,详见说明书,详见说明书,详见说明书,,,,,,True,,True,True
176,双黄连,双黄连,,,双黄连，详见说明书,详见说明书,详见说明书,详见说明书,详见说明书,,,,,,True,,True,True
178,维生素C,维生素c,,,维生素C，详见说明书,详见说明书,详见说明书,详见说明书,详见说明书,,,,,,True,,True,True
179,维生素B族,维生素b族,,,维生素B族，详见说明书,详见说明书,详见说明书,详见说明书,详见说明书,,,,,,True,,True,True
180,维生素E,维生素e,,,维生素E，详见说明书,详见说明书,详见说明书,详见说明书,详见说明书,,,,,,True,,True,True
181,维生素AD,维生素ad,,,维生素AD，详见说明书,详见说明书,详见说明书,详见说明书,详见说明书,,,,,,True,,True,True
182,依托考昔,依托考昔,,,依托考昔，详见说明书,详见说明书,详见说明书,详见说明书,详见说明书,,,,,,True,,True,True
183,美洛昔康,美洛昔康,,,美洛昔康，详见说明书,详见说明书,详见说明书,详见说明书,详见说明书,,,,,,True,,True,True
184,吡罗昔康,吡罗昔康,,,吡罗昔康，详见说明书,详见说明书,详见说明书,详见说明书,详见说明书,,,,,,True,,True,True
185,氯诺昔康,氯诺昔康,,,氯诺昔康，详见说明书,详见说明书,详见说明书,详见说明书,详见说明书,,,,,,True,,True,True
186,帕瑞昔布,帕瑞昔布,,,帕瑞昔布，详见说明书,详见说明书,详见说明书,详见说明书,详见说明书,,,,,,True,,True,True
187,头孢地尼,头孢地尼,,,头孢地尼，详见说明书,详见说明书,详见说明书,详见说明书,详见说明书,,,,,,True,,True,True
188,头孢丙烯,头孢丙烯,,,头孢丙烯，详见说明书,详见说明书,详见说明书,详见说明书,详见说明书,,,,,,True,,True,True
189,头孢氨苄,头孢氨苄,,,头孢氨苄，详见说明书,详见说明书,详见说明书,详见说明书,详见说明书,,,,,,True,,True,True
190,阿莫西林克拉维酸钾,阿莫西林克拉维酸钾,,,阿莫西林克拉维酸钾，详见说明书,详见说明书,详见说明书,详见说明书,详见说明书,,,,,,True,,True,True
191,环丙沙星,环丙沙星,,,环丙沙星，详见说明书,详见说明书,详见说明书,详见说明书,详见说明书,,,,,,True,,True,True
192,加替沙星,加替沙星,,,加替沙星，详见说明书,详见说明书,详见说明书,详见说明书,详见说明书,,,,,,True,,True,True
193,多西环素,多西环素,,,多西环素，详见说明书,详见说明书,详见说明书,详见说明书,详见说明书,,,,,,True,,True,True
194,米诺环素,米诺环素,,,米诺环素，详见说明书,详见说明书,详见说明书,详见说明书,详见说明书,,,,,,True,,True,True
195,克林霉素,克林霉素,,,克林霉素，详见说明书,详见说明书,详见说明书,详见说明书,详见说明书,,,,,,True,,True,True
196,磷霉素,磷霉素,,,磷霉素，详见说明书,详见说明书,详见说明书,详见说明书,详见说明书,,,,,,True,,True,True
197,苯磺酸氨氯地平,苯磺酸氨氯地平,,,苯磺酸氨氯地平，详见说明书,详见说明书,详见说明书,详见说明书,详见说明书,,,,,,True,,True,True
198,氯沙坦钾,氯沙坦钾,,,氯沙坦钾，详见说明书,详见说明书,详见说明书,详见说明书,详见说明书,,,,,,True,,True,True
199,酒石酸美托洛尔,酒石酸美托洛尔,,,酒石酸美托洛尔，详见说明书,详见说明书,详见说明书,详见说明书,详见说明书,,,,,,True,,True,True
200,富马酸比索洛尔,富马酸比索洛尔,,,富马酸比索洛尔，详见说明书,详见说明书,详见说明书,详见说明书,详见说明书,,,,,,True,,True,True
201,卡托普利,卡托普利,,,卡托普利，详见说明书,详见说明书,详见说明书,详见说明书,详见说明书,,,,,,True,,True,True
202,依那普利,依那普利,,,依那普利，详见说明书,详见说明书,详见说明书,详见说明书,详见说明书,,,,,,True,,True,True
203,培哚普利,培哚普利,,,培哚普利，详见说明书,详见说明书,详见说明书,详见说明书,详见说明书,,,,,,True,,True,True
204,贝那普利,贝那普利,,,贝那普利，详见说明书,详见说明书,详见说明书,详见说明书,详见说明书,,,,,,True,,True,True
205,雷米普利,雷米普利,,,雷米普利，详见说明书,详见说明书,详见说明书,详见说明书,详见说明书,,,,,,True,,True,True
206,福辛普利,福辛普利,,,福辛普利，详见说明书,详见说明书,详见说明书,详见说明书,详见说明书,,,,,,True,,True,True
207,厄贝沙坦氢氯噻嗪,厄贝沙坦氢氯噻嗪,,,厄贝沙坦氢氯噻嗪，详见说明书,详见说明书,详见说明书,详见说明书,详见说明书,,,,,,True,,True,True
208,缬沙坦氢氯噻嗪,缬沙坦氢氯噻嗪,,,缬沙坦氢氯噻嗪，详见说明书,详见说明书,详见说明书,详见说明书,详见说明书,,,,,,True,,True,True
209,替米沙坦氢氯噻嗪,替米沙坦氢氯噻嗪,,,替米沙坦氢氯噻嗪，详见说明书,详见说明书,详见说明书,详见说明书,详见说明书,,,,,,True,,True,True
210,乌拉地尔,乌拉地尔,,,乌拉地尔，详见说明书,详见说明书,详见说明书,详见说明书,详见说明书,,,,,,True,,True,True
211,拉贝洛尔,拉贝洛尔,,,拉贝洛尔，详见说明书,详见说明书,详见说明书,详见说明书,详见说明书,,,,,,True,,True,True
212,维拉帕米,维拉帕米,,,维拉帕米，详见说明书,详见说明书,详见说明书,详见说明书,详见说明书,,,,,,True,,True,True
213,地尔硫䓬,地尔硫䓬,,,地尔硫䓬，详见说明书,详见说明书,详见说明书,详见说明书,详见说明书,,,,,,True,,True,True
214,乐卡地平,乐卡地平,,,乐卡地平，详见说明书,详见说明书,详见说明书,详见说明书,详见说明书,,,,,,True,,True,True
215,瑞舒伐他汀钙,瑞舒伐他汀钙,,,瑞舒伐他汀钙，详见说明书,详见说明书,详见说明书,详见说明书,详见说明书,,,,,,True,,True,True
216,普伐他汀,普伐他汀,,,普伐他汀，详见说明书,详见说明书,详见说明书,详见说明书,详见说明书,,,,,,True,,True,True
217,匹伐他汀,匹伐他汀,,,匹伐他汀，详见说明书,详见说明书,详见说明书,详见说明书,详见说明书,,,,,,True,,True,True
218,氟伐他汀,氟伐他汀,,,氟伐他汀，详见说明书,详见说明书,详见说明书,详见说明书,详见说明书,,,,,,True,,True,True
219,苯扎贝特,苯扎贝特,,,苯扎贝特，详见说明书,详见说明书,详见说明书,详见说明书,详见说明书,,,,,,True,,True,True
220,吉非罗齐,吉非罗齐,,,吉非罗齐，详见说明书,详见说明书,详见说明书,详见说明书,详见说明书,,,,,,True,,True,True
221,依折麦布,依折麦布,,,依折麦布，详见说明书,详见说明书,详见说明书,详见说明书,详见说明书,,,,,,True,,True,True
222,血脂康,血脂康,,,血脂康，详见说明书,详见说明书,详见说明书,详见说明书,详见说明书,,,,,,True,,True,True
223,脂必妥,脂必妥,,,脂必妥，详见说明书,详见说明书,详见说明书,详见说明书,详见说明书,,,,,,True,,True,True
224,盐酸二甲双胍,盐酸二甲双胍,,,盐酸二甲双胍，详见说明书,详见说明书,详见说明书,详见说明书,详见说明书,,,,,,True,,True,True
225,格列吡嗪,格列吡嗪,,,格列吡嗪，详见说明书,详见说明书,详见说明书,详见说明书,详见说明书,,,,,,True,,True,True
226,格列喹酮,格列喹酮,,,格列喹酮，详见说明书,详见说明书,详见说明书,详见说明书,详见说明书,,,,,,True,,True,True
227,那格列奈,那格列奈,,,那格列奈，详见说明书,详见说明书,详见说明书,详见说明书,详见说明书,,,,,,True,,True,True
228,伏格列波糖,伏格列波糖,,,伏格列波糖，详见说明书,详见说明书,详见说明书,详见说明书,详见说明书,,,,,,True,,True,True
229,米格列醇,米格列醇,,,米格列醇，详见说明书,详见说明书,详见说明书,详见说明书,详见说明书,,,,,,True,,True,True
230,恩格列净,恩格列净,,,恩格列净，详见说明书,详见说明书,详见说明书,详见说明书,详见说明书,,,,,,True,,True,True
231,达格列净,达格列净,,,达格列净，详见说明书,详见说明书,详见说明书,详见说明书,详见说明书,,,,,,True,,True,True
232,利拉鲁肽,利拉鲁肽,,,利拉鲁肽，详见说明书,详见说明书,详见说明书,详见说明书,详见说明书,,,,,,True,,True,True
233,艾塞那肽,艾塞那肽,,,艾塞那肽，详见说明书,详见说明书,详见说明书,详见说明书,详见说明书,,,,,,True,,True,True
234,西格列汀,西格列汀,,,西格列汀，详见说明书,详见说明书,详见说明书,详见说明书,详见说明书,,,,,,True,,True,True
235,沙格列汀,沙格列汀,,,沙格列汀，详见说明书,详见说明书,详见说明书,详见说明书,详见说明书,,,,,,True,,True,True
236,维格列汀,维格列汀,,,维格列汀，详见说明书,详见说明书,详见说明书,详见说明书,详见说明书,,,,,,True,,True,True
237,利格列汀,利格列汀,,,利格列汀，详见说明书,详见说明书,详见说明书,详见说明书,详见说明书,,,,,,True,,True,True
238,注射用胰岛素,注射用胰岛素,,,注射用胰岛素，详见说明书,详见说明书,详见说明书,详见说明书,详见说明书,,,,,,True,,True,True
239,甘精胰岛素,甘精胰岛素,,,甘精胰岛素，详见说明书,详见说明书,详见说明书,详见说明书,详见说明书,,,,,,True,,True,True
240,门冬胰岛素,门冬胰岛素,,,门冬胰岛素，详见说明书,详见说明书,详见说明书,详见说明书,详见说明书,,,,,,True,,True,True
241,地特胰岛素,地特胰岛素,,,地特胰岛素，详见说明书,详见说明书,详见说明书,详见说明书,详见说明书,,,,,,True,,True,True
242,赖脯胰岛素,赖脯胰岛素,,,赖脯胰岛素，详见说明书,详见说明书,详见说明书,详见说明书,详见说明书,,,,,,True,,True,True
243,埃索美拉唑,埃索美拉唑,,,埃索美拉唑，详见说明书,详见说明书,详见说明书,详见说明书,详见说明书,,,,,,True,,True,True
244,甲氧氯普胺,甲氧氯普胺,,,甲氧氯普胺，详见说明书,详见说明书,详见说明书,详见说明书,详见说明书,,,,,,True,,True,True
245,乳果糖,乳果糖,,,乳果糖，详见说明书,详见说明书,详见说明书,详见说明书,详见说明书,,,,,,True,,True,True
246,聚乙二醇,聚乙二醇,,,聚乙二醇，详见说明书,详见说明书,详见说明书,详见说明书,详见说明书,,,,,,True,,True,True
247,消旋卡多曲,消旋卡多曲,,,消旋卡多曲，详见说明书,详见说明书,详见说明书,详见说明书,详见说明书,,,,,,True,,True,True
248,匹维溴铵,匹维溴铵,,,匹维溴铵，详见说明书,详见说明书,详见说明书,详见说明书,详见说明书,,,,,,True,,True,True
249,曲美布汀,曲美布汀,,,曲美布汀，详见说明书,详见说明书,详见说明书,详见说明书,详见说明书,,,,,,True,,True,True
250,马来酸曲美布汀,马来酸曲美布汀,,,马来酸曲美布汀，详见说明书,详见说明书,详见说明书,详见说明书,详见说明书,,,,,,True,,True,True
251,熊去氧胆酸,熊去氧胆酸,,,熊去氧胆酸，详见说明书,详见说明书,详见说明书,详见说明书,详见说明书,,,,,,True,,True,True
252,复方甘草酸苷,复方甘草酸苷,,,复方甘草酸苷，详见说明书,详见说明书,详见说明书,详见说明书,详见说明书,,,,,,True,,True,True
253,还原型谷胱甘肽,还原型谷胱甘肽,,,还原型谷胱甘肽，详见说明书,详见说明书,详见说明书,详见说明书,详见说明书,,,,,,True,,True,True
254,硫糖铝,硫糖铝,,,硫糖铝，详见说明书,详见说明书,详见说明书,详见说明书,详见说明书,,,,,,True,,True,True
255,胶体果胶铋,胶体果胶铋,,,胶体果胶铋，详见说明书,详见说明书,详见说明书,详见说明书,详见说明书,,,,,,True,,True,True
256,铝镁加混悬液,铝镁加混悬液,,,铝镁加混悬液，详见说明书,详见说明书,详见说明书,详见说明书,详见说明书,,,,,,True,,True,True
257,法莫替丁,法莫替丁,,,法莫替丁，详见说明书,详见说明书,详见说明书,详见说明书,详见说明书,,,,,,True,,True,True
258,雷尼替丁,雷尼替丁,,,雷尼替丁，详见说明书,详见说明书,详见说明书,详见说明书,详见说明书,,,,,,True,,True,True
259,西咪替丁,西咪替丁,,,西咪替丁，详见说明书,详见说明书,详见说明书,详见说明书,详见说明书,,,,,,True,,True,True
260,地氯雷他定,地氯雷他定,,,地氯雷他定，详见说明书,详见说明书,详见说明书,详见说明书,详见说明书,,,,,,True,,True,True
261,左西替利嗪,左西替利嗪,,,左西替利嗪，详见说明书,详见说明书,详见说明书,详见说明书,详见说明书,,,,,,True,,True,True
262,苯海拉明,苯海拉明,,,苯海拉明，详见说明书,详见说明书,详见说明书,详见说明书,详见说明书,,,,,,True,,True,True
263,氯苯那敏,氯苯那敏,,,氯苯那敏，详见说明书,详见说明书,详见说明书,详见说明书,详见说明书,,,,,,True,,True,True
264,赛庚啶,赛庚啶,,,赛庚啶，详见说明书,详见说明书,详见说明书,详见说明书,详见说明书,,,,,,True,,True,True
265,阿伐斯汀,阿伐斯汀,,,阿伐斯汀，详见说明书,详见说明书,详见说明书,详见说明书,详见说明书,,,,,,True,,True,True
266,氮䓬斯汀,氮䓬斯汀,,,氮䓬斯汀，详见说明书,详见说明书,详见说明书,详见说明书,详见说明书,,,,,,True,,True,True
267,卢帕他定,卢帕他定,,,卢帕他定，详见说明书,详见说明书,详见说明书,详见说明书,详见说明书,,,,,,True,,True,True
268,比拉斯汀,比拉斯汀,,,比拉斯汀，详见说明书,详见说明书,详见说明书,详见说明书,详见说明书,,,,,,True,,True,True
269,糠酸莫米松,糠酸莫米松,,,糠酸莫米松，详见说明书,详见说明书,详见说明书,详见说明书,详见说明书,,,,,,True,,True,True
270,卤米松,卤米松,,,卤米松，详见说明书,详见说明书,详见说明书,详见说明书,详见说明书,,,,,,True,,True,True
271,哈西奈德,哈西奈德,,,哈西奈德，详见说明书,详见说明书,详见说明书,详见说明书,详见说明书,,,,,,True,,True,True
272,他克莫司,他克莫司,,,他克莫司，详见说明书,详见说明书,详见说明书,详见说明书,详见说明书,,,,,,True,,True,True
273,吡美莫司,吡美莫司,,,吡美莫司，详见说明书,详见说明书,详见说明书,详见说明书,详见说明书,,,,,,True,,True,True
274,丁酸氢化可的松,丁酸氢化可的松,,,丁酸氢化可的松，详见说明书,详见说明书,详见说明书,详见说明书,详见说明书,,,,,,True,,True,True
275,醋酸曲安奈德,醋酸曲安奈德,,,醋酸曲安奈德，详见说明书,详见说明书,详见说明书,详见说明书,详见说明书,,,,,,True,,True,True
276,氟轻松,氟轻松,,,氟轻松，详见说明书,详见说明书,详见说明书,详见说明书,详见说明书,,,,,,True,,True,True
277,复方醋酸地塞米松,复方醋酸地塞米松,,,复方醋酸地塞米松，详见说明书,详见说明书,详见说明书,详见说明书,详见说明书,,,,,,True,,True,True
278,咪喹莫特,咪喹莫特,,,咪喹莫特，详见说明书,详见说明书,详见说明书,详见说明书,详见说明书,,,,,,True,,True,True
279,重组人表皮生长因子,重组人表皮生长因子,,,重组人表皮生长因子，详见说明书,详见说明书,详见说明书,详见说明书,详见说明书,,,,,,True,,True,True
280,硝酸甘油,硝酸甘油,,,硝酸甘油，详见说明书,详见说明书,详见说明书,详见说明书,详见说明书,,,,,,True,,True,True
281,达比加群酯,达比加群酯,,,达比加群酯，详见说明书,详见说明书,详见说明书,详见说明书,详见说明书,,,,,,True,,True,True
282,阿司匹林肠溶片,阿司匹林肠溶片,,,阿司匹林肠溶片，详见说明书,详见说明书,详见说明书,详见说明书,详见说明书,,,,,,True,,True,True
283,替格瑞洛,替格瑞洛,,,替格瑞洛，详见说明书,详见说明书,详见说明书,详见说明书,详见说明书,,,,,,True,,True,True
284,吲哚布芬,吲哚布芬,,,吲哚布芬，详见说明书,详见说明书,详见说明书,详见说明书,详见说明书,,,,,,True,,True,True
285,普萘洛尔,普萘洛尔,,,普萘洛尔，详见说明书,详见说明书,详见说明书,详见说明书,详见说明书,,,,,,True,,True,True
286,曲美他嗪,曲美他嗪,,,曲美他嗪，详见说明书,详见说明书,详见说明书,详见说明书,详见说明书,,,,,,True,,True,True
287,尼可地尔,尼可地尔,,,尼可地尔，详见说明书,详见说明书,详见说明书,详见说明书,详见说明书,,,,,,True,,True,True
288,通心络,通心络,,,通心络，详见说明书,详见说明书,详见说明书,详见说明书,详见说明书,,,,,,True,,True,True
289,速效救心丸,速效救心丸,,,速效救心丸，详见说明书,详见说明书,详见说明书,详见说明书,详见说明书,,,,,,True,,True,True
290,藿香正气水,藿香正气水,,,藿香正气水，详见说明书,详见说明书,详见说明书,详见说明书,详见说明书,,,,,,True,,True,True
291,牛黄解毒片,牛黄解毒片,,,牛黄解毒片，详见说明书,详见说明书,详见说明书,详见说明书,详见说明书,,,,,,True,,True,True
292,金银花露,金银花露,,,金银花露，详见说明书,详见说明书,详见说明书,详见说明书,详见说明书,,,,,,True,,True,True
293,感冒灵颗粒,感冒灵颗粒,,,感冒灵颗粒，详见说明书,详见说明书,详见说明书,详见说明书,详见说明书,,,,,,True,,True,True
294,维C银翘片,维c银翘片,,,维C银翘片，详见说明书,详见说明书,详见说明书,详见说明书,详见说明书,,,,,,True,,True,True
295,999感冒灵,999感冒灵,,,999感冒灵，详见说明书,详见说明书,详见说明书,详见说明书,详见说明书,,,,,,True,,True,True
296,感康,感康,,,感康，详见说明书,详见说明书,详见说明书,详见说明书,详见说明书,,,,,,True,,True,True
297,快克,快克,,,快克，详见说明书,详见说明书,详见说明书,详见说明书,详见说明书,,,,,,True,,True,True
298,泰诺,泰诺,,,泰诺，详见说明书,详见说明书,详见说明书,详见说明书,详见说明书,,,,,,True,,True,True
299,白加黑,白加黑,,,白加黑，详见说明书,详见说明书,详见说明书,详见说明书,详见说明书,,,,,,True,,True,True
300,日夜百服咛,日夜百服咛,,,日夜百服咛，详见说明书,详见说明书,详见说明书,详见说明书,详见说明书,,,,,,True,,True,True
301,同仁堂感冒清热颗粒,同仁堂感冒清热颗粒,,,同仁堂感冒清热颗粒，详见说明书,详见说明书,详见说明书,详见说明书,详见说明书,,,,,,True,,True,True
302,小柴胡颗粒,小柴胡颗粒,,,小柴胡颗粒，详见说明书,详见说明书,详见说明书,详见说明书,详见说明书,,,,,,True,,True,True
303,正柴胡饮颗粒,正柴胡饮颗粒,,,正柴胡饮颗粒，详见说明书,详见说明书,详见说明书,详见说明书,详见说明书,,,,,,True,,True,True
304,999胃泰,999胃泰,,,999胃泰，详见说明书,详见说明书,详见说明书,详见说明书,详见说明书,,,,,,True,,True,True
305,三九胃泰,三九胃泰,,,三九胃泰，详见说明书,详见说明书,详见说明书,详见说明书,详见说明书,,,,,,True,,True,True
306,胃苏颗粒,胃苏颗粒,,,胃苏颗粒，详见说明书,详见说明书,详见说明书,详见说明书,详见说明书,,,,,,True,,True,True
307,气滞胃痛颗粒,气滞胃痛颗粒,,,气滞胃痛颗粒，详见说明书,详见说明书,详见说明书,详见说明书,详见说明书,,,,,,True,,True,True
308,温胃舒,温胃舒,,,温胃舒，详见说明书,详见说明书,详见说明书,详见说明书,详见说明书,,,,,,True,,True,True
309,养胃舒,养胃舒,,,养胃舒，详见说明书,详见说明书,详见说明书,详见说明书,详见说明书,,,,,,True,,True,True
310,舒肝健胃丸,舒肝健胃丸,,,舒肝健胃丸，详见说明书,详见说明书,详见说明书,详见说明书,详见说明书,,,,,,True,,True,True
311,香砂养胃丸,香砂养胃丸,,,香砂养胃丸，详见说明书,详见说明书,详见说明书,详见说明书,详见说明书,,,,,,True,,True,True
312,保和丸,保和丸,,,保和丸，详见说明书,详见说明书,详见说明书,详见说明书,详见说明书,,,,,,True,,True,True
313,补中益气丸,补中益气丸,,,补中益气丸，详见说明书,详见说明书,详见说明书,详见说明书,详见说明书,,,,,,True,,True,True
314,归脾丸,归脾丸,,,归脾丸，详见说明书,详见说明书,详见说明书,详见说明书,详见说明书,,,,,,True,,True,True
315,附子理中丸,附子理中丸,,,附子理中丸，详见说明书,详见说明书,详见说明书,详见说明书,详见说明书,,,,,,True,,True,True
316,参苓白术散,参苓白术散,,,参苓白术散，详见说明书,详见说明书,详见说明书,详见说明书,详见说明书,,,,,,True,,True,True
317,藿香正气丸,藿香正气丸,,,藿香正气丸，详见说明书,详见说明书,详见说明书,详见说明书,详见说明书,,,,,,True,,True,True
318,维生素B1,维生素b1,,,维生素B1，详见说明书,详见说明书,详见说明书,详见说明书,详见说明书,,,,,,True,,True,True
319,维生素B2,维生素b2,,,维生素B2，详见说明书,详见说明书,详见说明书,详见说明书,详见说明书,,,,,,True,,True,True
320,维生素B6,维生素b6,,,维生素B6，详见说明书,详见说明书,详见说明书,详见说明书,详见说明书,,,,,,True,,True,True
321,维生素B12,维生素b12,,,维生素B12，详见说明书,详见说明书,详见说明书,详见说明书,详见说明书,,,,,,True,,True,True
322,多维元素片,多维元素片,,,多维元素片，详见说明书,详见说明书,详见说明书,详见说明书,详见说明书,,,,,,True,,True,True
323,21金维他,21金维他,,,21金维他，详见说明书,详见说明书,详见说明书,详见说明书,详见说明书,,,,,,True,,True,True
324,善存,善存,,,善存，详见说明书,详见说明书,详见说明书,详见说明书,详见说明书,,,,,,True,,True,True
325,金施尔康,金施尔康,,,金施尔康，详见说明书,详见说明书,详见说明书,详见说明书,详见说明书,,,,,,True,,True,True
326,生理盐水,生理盐水,,,生理盐水，详见说明书,详见说明书,详见说明书,详见说明书,详见说明书,,,,,,True,,True,True
327,氯化钾缓释片,氯化钾缓释片,,,氯化钾缓释片，详见说明书,详见说明书,详见说明书,详见说明书,详见说明书,,,,,,True,,True,True
328,葡萄糖酸钙,葡萄糖酸钙,,,葡萄糖酸钙，详见说明书,详见说明书,详见说明书,详见说明书,详见说明书,,,,,,True,,True,True
329,碳酸钙D3,碳酸钙d3,,,碳酸钙D3，详见说明书,详见说明书,详见说明书,详见说明书,详见说明书,,,,,,True,,True,True
330,枸橼酸钙,枸橼酸钙,,,枸橼酸钙，详见说明书,详见说明书,详见说明书,详见说明书,详见说明书,,,,,,True,,True,True
331,乳酸钙,乳酸钙,,,乳酸钙，详见说明书,详见说明书,详见说明书,详见说明书,详见说明书,,,,,,True,,True,True
332,龙牡壮骨颗粒,龙牡壮骨颗粒,,,龙牡壮骨颗粒，详见说明书,详见说明书,详见说明书,详见说明书,详见说明书,,,,,,True,,True,True
333,葡萄糖酸钙口服液,葡萄糖酸钙口服液,,,葡萄糖酸钙口服液，详见说明书,详见说明书,详见说明书,详见说明书,详见说明书,,,,,,True,,True,True
334,氨糖美,氨糖美,,,氨糖美，详见说明书,详见说明书,详见说明书,详见说明书,详见说明书,,,,,,True,,True,True
335,硫酸氨基葡萄糖,硫酸氨基葡萄糖,,,硫酸氨基葡萄糖，详见说明书,详见说明书,详见说明书,详见说明书,详见说明书,,,,,,True,,True,True
336,盐酸氨基葡萄糖,盐酸氨基葡萄糖,,,盐酸氨基葡萄糖，详见说明书,详见说明书,详见说明书,详见说明书,详见说明书,,,,,,True,,True,True
337,玻璃酸钠,玻璃酸钠,,,玻璃酸钠，详见说明书,详见说明书,详见说明书,详见说明书,详见说明书,,,,,,True,,True,True
338,硫酸软骨素,硫酸软骨素,,,硫酸软骨素，详见说明书,详见说明书,详见说明书,详见说明书,详见说明书,,,,,,True,,True,True
339,透明质酸钠,透明质酸钠,,,透明质酸钠，详见说明书,详见说明书,详见说明书,详见说明书,详见说明书,,,,,,True,,True,True
340,盐酸氨溴索,盐酸氨溴索,,,盐酸氨溴索，详见说明书,详见说明书,详见说明书,详见说明书,详见说明书,,,,,,True,,True,True
341,溴己新,溴己新,,,溴己新，详见说明书,详见说明书,详见说明书,详见说明书,详见说明书,,,,,,True,,True,True
342,乙酰半胱氨酸,乙酰半胱氨酸,,,乙酰半胱氨酸，详见说明书,详见说明书,详见说明书,详见说明书,详见说明书,,,,,,True,,True,True
343,福多司坦,福多司坦,,,福多司坦，详见说明书,详见说明书,详见说明书,详见说明书,详见说明书,,,,,,True,,True,True
344,厄多司坦,厄多司坦,,,厄多司坦，详见说明书,详见说明书,详见说明书,详见说明书,详见说明书,,,,,,True,,True,True
345,右美沙芬,右美沙芬,,,右美沙芬，详见说明书,详见说明书,详见说明书,详见说明书,详见说明书,,,,,,True,,True,True
346,喷托维林,喷托维林,,,喷托维林，详见说明书,详见说明书,详见说明书,详见说明书,详见说明书,,,,,,True,,True,True
347,氨茶碱,氨茶碱,,,氨茶碱，详见说明书,详见说明书,详见说明书,详见说明书,详见说明书,,,,,,True,,True,True
348,多索茶碱,多索茶碱,,,多索茶碱，详见说明书,详见说明书,详见说明书,详见说明书,详见说明书,,,,,,True,,True,True
349,二羟丙茶碱,二羟丙茶碱,,,二羟丙茶碱，详见说明书,详见说明书,详见说明书,详见说明书,详见说明书,,,,,,True,,True,True
350,布地奈德,布地奈德,,,布地奈德，详见说明书,详见说明书,详见说明书,详见说明书,详见说明书,,,,,,True,,True,True
351,丙酸氟替卡松,丙酸氟替卡松,,,丙酸氟替卡松，详见说明书,详见说明书,详见说明书,详见说明书,详见说明书,,,,,,True,,True,True
352,沙丁胺醇,沙丁胺醇,,,沙丁胺醇，详见说明书,详见说明书,详见说明书,详见说明书,详见说明书,,,,,,True,,True,True
353,异丙托溴铵,异丙托溴铵,,,异丙托溴铵，详见说明书,详见说明书,详见说明书,详见说明书,详见说明书,,,,,,True,,True,True
354,噻托溴铵,噻托溴铵,,,噻托溴铵，详见说明书,详见说明书,详见说明书,详见说明书,详见说明书,,,,,,True,,True,True
355,孟鲁司特钠,孟鲁司特钠,,,孟鲁司特钠，详见说明书,详见说明书,详见说明书,详见说明书,详见说明书,,,,,,True,,True,True
356,扎鲁司特,扎鲁司特,,,扎鲁司特，详见说明书,详见说明书,详见说明书,详见说明书,详见说明书,,,,,,True,,True,True
357,普仑司特,普仑司特,,,普仑司特，详见说明书,详见说明书,详见说明书,详见说明书,详见说明书,,,,,,True,,True,True
358,福莫特罗,福莫特罗,,,福莫特罗，详见说明书,详见说明书,详见说明书,详见说明书,详见说明书,,,,,,True,,True,True
359,沙美特罗,沙美特罗,,,沙美特罗，详见说明书,详见说明书,详见说明书,详见说明书,详见说明书,,,,,,True,,True,True
360,妥洛特罗,妥洛特罗,,,妥洛特罗，详见说明书,详见说明书,详见说明书,详见说明书,详见说明书,,,,,,True,,True,True
361,氟替卡松,氟替卡松,,,氟替卡松，详见说明书,详见说明书,详见说明书,详见说明书,详见说明书,,,,,,True,,True,True
362,莫米松,莫米松,,,莫米松，详见说明书,详见说明书,详见说明书,详见说明书,详见说明书,,,,,,True,,True,True
363,倍氯米松,倍氯米松,,,倍氯米松，详见说明书,详见说明书,详见说明书,详见说明书,详见说明书,,,,,,True,,True,True
364,坦索罗辛,坦索罗辛,,,坦索罗辛，详见说明书,详见说明书,详见说明书,详见说明书,详见说明书,,,,,,True,,True,True
365,非那雄胺,非那雄胺,,,非那雄胺，详见说明书,详见说明书,详见说明书,详见说明书,详见说明书,,,,,,True,,True,True
366,坦洛新,坦洛新,,,坦洛新，详见说明书,详见说明书,详见说明书,详见说明书,详见说明书,,,,,,True,,True,True
367,哈乐,哈乐,,,哈乐，详见说明书,详见说明书,详见说明书,详见说明书,详见说明书,,,,,,True,,True,True
368,保列治,保列治,,,保列治，详见说明书,详见说明书,详见说明书,详见说明书,详见说明书,,,,,,True,,True,True
369,普适泰,普适泰,,,普适泰，详见说明书,详见说明书,详见说明书,详见说明书,详见说明书,,,,,,True,,True,True
370,特拉唑嗪,特拉唑嗪,,,特拉唑嗪，详见说明书,详见说明书,详见说明书,详见说明书,详见说明书,,,,,,True,,True,True
371,多沙唑嗪,多沙唑嗪,,,多沙唑嗪，详见说明书,详见说明书,详见说明书,详见说明书,详见说明书,,,,,,True,,True,True
372,阿夫唑嗪,阿夫唑嗪,,,阿夫唑嗪，详见说明书,详见说明书,详见说明书,详见说明书,详见说明书,,,,,,True,,True,True
373,索利那新,索利那新,,,索利那新，详见说明书,详见说明书,详见说明书,详见说明书,详见说明书,,,,,,True,,True,True
374,前列康,前列康,,,前列康，详见说明书,详见说明书,详见说明书,详见说明书,详见说明书,,,,,,True,,True,True
375,前列舒通,前列舒通,,,前列舒通，详见说明书,详见说明书,详见说明书,详见说明书,详见说明书,,,,,,True,,True,True
376,癃闭舒,癃闭舒,,,癃闭舒，详见说明书,详见说明书,详见说明书,详见说明书,详见说明书,,,,,,True,,True,True
377,宁泌泰,宁泌泰,,,宁泌泰，详见说明书,详见说明书,详见说明书,详见说明书,详见说明书,,,,,,True,,True,True
378,优利福,优利福,,,优利福，详见说明书,详见说明书,详见说明书,详见说明书,详见说明书,,,,,,True,,True,True
379,翁沥通,翁沥通,,,翁沥通，详见说明书,详见说明书,详见说明书,详见说明书,详见说明书,,,,,,True,,True,True
380,癃清片,癃清片,,,癃清片，详见说明书,详见说明书,详见说明书,详见说明书,详见说明书,,,,,,True,,True,True
381,盐酸坦索罗辛,盐酸坦索罗辛,,,盐酸坦索罗辛，详见说明书,详见说明书,详见说明书,详见说明书,详见说明书,,,,,,True,,True,True
382,盐酸特拉唑嗪,盐酸特拉唑嗪,,,盐酸特拉唑嗪，详见说明书,详见说明书,详见说明书,详见说明书,详见说明书,,,,,,True,,True,True
383,布洛芬缓释胶囊,布洛芬缓释胶囊,,,布洛芬缓释胶囊，详见说明书,详见说明书,详见说明书,详见说明书,详见说明书,,,,,,True,,True,True
384,双氯芬酸钠肠溶片,双氯芬酸钠肠溶片,,,双氯芬酸钠肠溶片，详见说明书,详见说明书,详见说明书,详见说明书,详见说明书,,,,,,True,,True,True
385,塞来昔布胶囊,塞来昔布胶囊,,,塞来昔布胶囊，详见说明书,详见说明书,详见说明书,详见说明书,详见说明书,,,,,,True,,True,True
386,依托考昔片,依托考昔片,,,依托考昔片，详见说明书,详见说明书,详见说明书,详见说明书,详见说明书,,,,,,True,,True,True
387,美洛昔康片,美洛昔康片,,,美洛昔康片，详见说明书,详见说明书,详见说明书,详见说明书,详见说明书,,,,,,True,,True,True
388,吡罗昔康片,吡罗昔康片,,,吡罗昔康片，详见说明书,详见说明书,详见说明书,详见说明书,详见说明书,,,,,,True,,True,True
389,氯诺昔康片,氯诺昔康片,,,氯诺昔康片，详见说明书,详见说明书,详见说明书,详见说明书,详见说明书,,,,,,True,,True,True
390,奈普生胶囊,奈普生胶囊,,,奈普生胶囊，详见说明书,详见说明书,详见说明书,详见说明书,详见说明书,,,,,,True,,True,True
391,吲哚美辛胶囊,吲哚美辛胶囊,,,吲哚美辛胶囊，详见说明书,详见说明书,详见说明书,详见说明书,详见说明书,,,,,,True,,True,True
392,对乙酰氨基酚片,对乙酰氨基酚片,,,对乙酰氨基酚片，详见说明书,详见说明书,详见说明书,详见说明书,详见说明书,,,,,,True,,True,True
393,复方对乙酰氨基酚,复方对乙酰氨基酚,,,复方对乙酰氨基酚，详见说明书,详见说明书,详见说明书,详见说明书,详见说明书,,,,,,True,,True,True
394,氨酚伪麻美芬,氨酚伪麻美芬,,,氨酚伪麻美芬，详见说明书,详见说明书,详见说明书,详见说明书,详见说明书,,,,,,True,,True,True
395,酚麻美敏,酚麻美敏,,,酚麻美敏，详见说明书,详见说明书,详见说明书,详见说明书,详见说明书,,,,,,True,,True,True
396,氨酚烷那那,氨酚烷那那,,,氨酚烷那那，详见说明书,详见说明书,详见说明书,详见说明书,详见说明书,,,,,,True,,True,True
397,氨酚黄那敏,氨酚黄那敏,,,氨酚黄那敏，详见说明书,详见说明书,详见说明书,详见说明书,详见说明书,,,,,,True,,True,True
398,美敏伪麻溶液,美敏伪麻溶液,,,美敏伪麻溶液，详见说明书,详见说明书,详见说明书,详见说明书,详见说明书,,,,,,True,,True,True
399,必理通,必理通,,,必理通，详见说明书,详见说明书,详见说明书,详见说明书,详见说明书,,,,,,True,,True,True
400,新康泰克,新康泰克,,,新康泰克，详见说明书,详见说明书,详见说明书,详见说明书,详见说明书,,,,,,True,,True,True
401,感冒灵,感冒灵,,,感冒灵，详见说明书,详见说明书,详见说明书,详见说明书,详见说明书,,,,,,True,,True,True
402,银翘解毒丸,银翘解毒丸,,,银翘解毒丸，详见说明书,详见说明书,详见说明书,详见说明书,详见说明书,,,,,,True,,True,True
403,抗病毒口服液,抗病毒口服液,,,抗病毒口服液，详见说明书,详见说明书,详见说明书,详见说明书,详见说明书,,,,,,True,,True,True
404,左甲状腺素钠,左甲状腺素钠,,,左甲状腺素钠，详见说明书,详见说明书,详见说明书,详见说明书,详见说明书,,,,,,True,,True,True
405,优甲乐,优甲乐,,,优甲乐，详见说明书,详见说明书,详见说明书,详见说明书,详见说明书,,,,,,True,,True,True
406,雷替斯,雷替斯,,,雷替斯，详见说明书,详见说明书,详见说明书,详见说明书,详见说明书,,,,,,True,,True,True
407,甲巯咪唑,甲巯咪唑,,,甲巯咪唑，详见说明书,详见说明书,详见说明书,详见说明书,详见说明书,,,,,,True,,True,True
408,丙硫氧嘧啶,丙硫氧嘧啶,,,丙硫氧嘧啶，详见说明书,详见说明书,详见说明书,详见说明书,详见说明书,,,,,,True,,True,True
409,格列本脲,格列本脲,,,格列本脲，详见说明书,详见说明书,详见说明书,详见说明书,详见说明书,,,,,,True,,True,True
410,度拉糖肽,度拉糖肽,,,度拉糖肽，详见说明书,详见说明书,详见说明书,详见说明书,详见说明书,,,,,,True,,True,True
411,司美格鲁肽,司美格鲁肽,,,司美格鲁肽，详见说明书,详见说明书,详见说明书,详见说明书,详见说明书,,,,,,True,,True,True
412,卡格列净,卡格列净,,,卡格列净，详见说明书,详见说明书,详见说明书,详见说明书,详见说明书,,,,,,True,,True,True
413,盐酸舍曲林,盐酸舍曲林,,,盐酸舍曲林，详见说明书,详见说明书,详见说明书,详见说明书,详见说明书,,,,,,True,,True,True
414,氟西汀,氟西汀,,,氟西汀，详见说明书,详见说明书,详见说明书,详见说明书,详见说明书,,,,,,True,,True,True
415,帕罗西汀,帕罗西汀,,,帕罗西汀，详见说明书,详见说明书,详见说明书,详见说明书,详见说明书,,,,,,True,,True,True
416,西酞普兰,西酞普兰,,,西酞普兰，详见说明书,详见说明书,详见说明书,详见说明书,详见说明书,,,,,,True,,True,True
417,艾司西酞普兰,艾司西酞普兰,,,艾司西酞普兰，详见说明书,详见说明书,详见说明书,详见说明书,详见说明书,,,,,,True,,True,True
418,文拉法辛,文拉法辛,,,文拉法辛，详见说明书,详见说明书,详见说明书,详见说明书,详见说明书,,,,,,True,,True,True
419,度洛西汀,度洛西汀,,,度洛西汀，详见说明书,详见说明书,详见说明书,详见说明书,详见说明书,,,,,,True,,True,True
420,氟伏沙明,氟伏沙明,,,氟伏沙明，详见说明书,详见说明书,详见说明书,详见说明书,详见说明书,,,,,,True,,True,True
421,曲唑酮,曲唑酮,,,曲唑酮，详见说明书,详见说明书,详见说明书,详见说明书,详见说明书,,,,,,True,,True,True
422,米氮平,米氮平,,,米氮平，详见说明书,详见说明书,详见说明书,详见说明书,详见说明书,,,,,,True,,True,True
423,阿普唑仑,阿普唑仑,,,阿普唑仑，详见说明书,详见说明书,详见说明书,详见说明书,详见说明书,,,,,,True,,True,True
424,艾司唑仑,艾司唑仑,,,艾司唑仑，详见说明书,详见说明书,详见说明书,详见说明书,详见说明书,,,,,,True,,True,True
425,劳拉西泮,劳拉西泮,,,劳拉西泮，详见说明书,详见说明书,详见说明书,详见说明书,详见说明书,,,,,,True,,True,True
426,氯硝西泮,氯硝西泮,,,氯硝西泮，详见说明书,详见说明书,详见说明书,详见说明书,详见说明书,,,,,,True,,True,True
427,地西泮,地西泮,,,地西泮，详见说明书,详见说明书,详见说明书,详见说明书,详见说明书,,,,,,True,,True,True
428,氯氮平,氯氮平,,,氯氮平，详见说明书,详见说明书,详见说明书,详见说明书,详见说明书,,,,,,True,,True,True
429,奥氮平,奥氮平,,,奥氮平，详见说明书,详见说明书,详见说明书,详见说明书,详见说明书,,,,,,True,,True,True
430,喹硫平,喹硫平,,,喹硫平，详见说明书,详见说明书,详见说明书,详见说明书,详见说明书,,,,,,True,,True,True
431,利培酮,利培酮,,,利培酮，详见说明书,详见说明书,详见说明书,详见说明书,详见说明书,,,,,,True,,True,True
432,阿立哌唑,阿立哌唑,,,阿立哌唑，详见说明书,详见说明书,详见说明书,详见说明书,详见说明书,,,,,,True,,True,True
433,齐拉西酮,齐拉西酮,,,齐拉西酮，详见说明书,详见说明书,详见说明书,详见说明书,详见说明书,,,,,,True,,True,True
434,阿塞那平,阿塞那平,,,阿塞那平，详见说明书,详见说明书,详见说明书,详见说明书,详见说明书,,,,,,True,,True,True
435,碳酸锂,碳酸锂,,,碳酸锂，详见说明书,详见说明书,详见说明书,详见说明书,详见说明书,,,,,,True,,True,True
436,丙戊酸钠,丙戊酸钠,,,丙戊酸钠，详见说明书,详见说明书,详见说明书,详见说明书,详见说明书,,,,,,True,,True,True
437,拉莫三嗪,拉莫三嗪,,,拉莫三嗪，详见说明书,详见说明书,详见说明书,详见说明书,详见说明书,,,,,,True,,True,True
438,加巴喷丁,加巴喷丁,,,加巴喷丁，详见说明书,详见说明书,详见说明书,详见说明书,详见说明书,,,,,,True,,True,True
439,普瑞巴林,普瑞巴林,,,普瑞巴林，详见说明书,详见说明书,详见说明书,详见说明书,详见说明书,,,,,,True,,True,True
440,左氧氟沙星滴眼液,左氧氟沙星滴眼液,,,左氧氟沙星滴眼液，详见说明书,详见说明书,详见说明书,详见说明书,详见说明书,,,,,,True,,True,True
441,氧氟沙星滴眼液,氧氟沙星滴眼液,,,氧氟沙星滴眼液，详见说明书,详见说明书,详见说明书,详见说明书,详见说明书,,,,,,True,,True,True
442,妥布霉素滴眼液,妥布霉素滴眼液,,,妥布霉素滴眼液，详见说明书,详见说明书,详见说明书,详见说明书,详见说明书,,,,,,True,,True,True
443,红霉素眼膏,红霉素眼膏,,,红霉素眼膏，详见说明书,详见说明书,详见说明书,详见说明书,详见说明书,,,,,,True,,True,True
444,金霉素眼膏,金霉素眼膏,,,金霉素眼膏，详见说明书,详见说明书,详见说明书,详见说明书,详见说明书,,,,,,True,,True,True
445,氯霉素滴眼液,氯霉素滴眼液,,,氯霉素滴眼液，详见说明书,详见说明书,详见说明书,详见说明书,详见说明书,,,,,,True,,True,True
446,利福平滴眼液,利福平滴眼液,,,利福平滴眼液，详见说明书,详见说明书,详见说明书,详见说明书,详见说明书,,,,,,True,,True,True
447,夫西地酸钠滴眼液,夫西地酸钠滴眼液,,,夫西地酸钠滴眼液，详见说明书,详见说明书,详见说明书,详见说明书,详见说明书,,,,,,True,,True,True
448,更昔洛韦眼用凝胶,更昔洛韦眼用凝胶,,,更昔洛韦眼用凝胶，详见说明书,详见说明书,详见说明书,详见说明书,详见说明书,,,,,,True,,True,True
449,阿昔洛韦滴眼液,阿昔洛韦滴眼液,,,阿昔洛韦滴眼液，详见说明书,详见说明书,详见说明书,详见说明书,详见说明书,,,,,,True,,True,True
450,重组人表皮生长因子滴眼液,重组人表皮生长因子滴眼液,,,重组人表皮生长因子滴眼液，详见说明书,详见说明书,详见说明书,详见说明书,详见说明书,,,,,,True,,True,True
451,玻璃酸钠滴眼液,玻璃酸钠滴眼液,,,玻璃酸钠滴眼液，详见说明书,详见说明书,详见说明书,详见说明书,详见说明书,,,,,,True,,True,True
452,羧甲基纤维素钠滴眼液,羧甲基纤维素钠滴眼液,,,羧甲基纤维素钠滴眼液，详见说明书,详见说明书,详见说明书,详见说明书,详见说明书,,,,,,True,,True,True
453,聚乙烯醇滴眼液,聚乙烯醇滴眼液,,,聚乙烯醇滴眼液，详见说明书,详见说明书,详见说明书,详见说明书,详见说明书,,,,,,True,,True,True
454,七叶洋地黄双苷滴眼液,七叶洋地黄双苷滴眼液,,,七叶洋地黄双苷滴眼液，详见说明书,详见说明书,详见说明书,详见说明书,详见说明书,,,,,,True,,True,True
455,小牛血去蛋白提取物眼用凝胶,小牛血去蛋白提取物眼用凝胶,,,小牛血去蛋白提取物眼用凝胶，详见说明书,详见说明书,详见说明书,详见说明书,详见说明书,,,,,,True,,True,True
456,糠酸莫米松鼻喷雾剂,糠酸莫米松鼻喷雾剂,,,糠酸莫米松鼻喷雾剂，详见说明书,详见说明书,详见说明书,详见说明书,详见说明书,,,,,,True,,True,True
457,丙酸氟替卡松鼻气雾剂,丙酸氟替卡松鼻气雾剂,,,丙酸氟替卡松鼻气雾剂，详见说明书,详见说明书,详见说明书,详见说明书,详见说明书,,,,,,True,,True,True
458,布地奈德鼻喷雾剂,布地奈德鼻喷雾剂,,,布地奈德鼻喷雾剂，详见说明书,详见说明书,详见说明书,详见说明书,详见说明书,,,,,,True,,True,True
459,盐酸羟甲唑啉喷雾剂,盐酸羟甲唑啉喷雾剂,,,盐酸羟甲唑啉喷雾剂，详见说明书,详见说明书,详见说明书,详见说明书,详见说明书,,,,,,True,,True,True
460,盐酸赛洛唑啉滴鼻液,盐酸赛洛唑啉滴鼻液,,,盐酸赛洛唑啉滴鼻液，详见说明书,详见说明书,详见说明书,详见说明书,详见说明书,,,,,,True,,True,True
461,呋麻滴鼻液,呋麻滴鼻液,,,呋麻滴鼻液，详见说明书,详见说明书,详见说明书,详见说明书,详见说明书,,,,,,True,,True,True
462,藿胆鼻喷雾剂,藿胆鼻喷雾剂,,,藿胆鼻喷雾剂，详见说明书,详见说明书,详见说明书,详见说明书,详见说明书,,,,,,True,,True,True
463,鼻炎康,鼻炎康,,,鼻炎康，详见说明书,详见说明书,详见说明书,详见说明书,详见说明书,,,,,,True,,True,True
464,鼻炎宁,鼻炎宁,,,鼻炎宁，详见说明书,详见说明书,详见说明书,详见说明书,详见说明书,,,,,,True,,True,True
465,鼻炎片,鼻炎片,,,鼻炎片，详见说明书,详见说明书,详见说明书,详见说明书,详见说明书,,,,,,True,,True,True
466,通窍鼻炎片,通窍鼻炎片,,,通窍鼻炎片，详见说明书,详见说明书,详见说明书,详见说明书,详见说明书,,,,,,True,,True,True
467,霍胆丸,霍胆丸,,,霍胆丸，详见说明书,详见说明书,详见说明书,详见说明书,详见说明书,,,,,,True,,True,True
468,辛夷鼻炎丸,辛夷鼻炎丸,,,辛夷鼻炎丸，详见说明书,详见说明书,详见说明书,详见说明书,详见说明书,,,,,,True,,True,True
469,千柏鼻炎片,千柏鼻炎片,,,千柏鼻炎片，详见说明书,详见说明书,详见说明书,详见说明书,详见说明书,,,,,,True,,True,True
470,鼻渊通窍颗粒,鼻渊通窍颗粒,,,鼻渊通窍颗粒，详见说明书,详见说明书,详见说明书,详见说明书,详见说明书,,,,,,True,,True,True
471,鼻渊舒口服液,鼻渊舒口服液,,,鼻渊舒口服液，详见说明书,详见说明书,详见说明书,详见说明书,详见说明书,,,,,,True,,True,True
472,标准桃金油油滴鼻液,标准桃金油油滴鼻液,,,标准桃金油油滴鼻液，详见说明书,详见说明书,详见说明书,详见说明书,详见说明书,,,,,,True,,True,True
473,薄荷脑滴鼻液,薄荷脑滴鼻液,,,薄荷脑滴鼻液，详见说明书,详见说明书,详见说明书,详见说明书,详见说明书,,,,,,True,,True,True
474,复方薄荷脑滴鼻液,复方薄荷脑滴鼻液,,,复方薄荷脑滴鼻液，详见说明书,详见说明书,详见说明书,详见说明书,详见说明书,,,,,,True,,True,True
475,盐酸麻黄碱滴鼻液,盐酸麻黄碱滴鼻液,,,盐酸麻黄碱滴鼻液，详见说明书,详见说明书,详见说明书,详见说明书,详见说明书,,,,,,True,,True,True
476,克霉唑阴道片,克霉唑阴道片,,,克霉唑阴道片，详见说明书,详见说明书,详见说明书,详见说明书,详见说明书,,,,,,True,,True,True
477,咪康唑栓剂,咪康唑栓剂,,,咪康唑栓剂，详见说明书,详见说明书,详见说明书,详见说明书,详见说明书,,,,,,True,,True,True
478,硝呋太尔制霉素阴道栓,硝呋太尔制霉素阴道栓,,,硝呋太尔制霉素阴道栓，详见说明书,详见说明书,详见说明书,详见说明书,详见说明书,,,,,,True,,True,True
479,甲硝唑栓,甲硝唑栓,,,甲硝唑栓，详见说明书,详见说明书,详见说明书,详见说明书,详见说明书,,,,,,True,,True,True
480,甲硝唑阴道泡腾片,甲硝唑阴道泡腾片,,,甲硝唑阴道泡腾片，详见说明书,详见说明书,详见说明书,详见说明书,详见说明书,,,,,,True,,True,True
481,双唑泰栓,双唑泰栓,,,双唑泰栓，详见说明书,详见说明书,详见说明书,详见说明书,详见说明书,,,,,,True,,True,True
482,保妇康栓,保妇康栓,,,保妇康栓，详见说明书,详见说明书,详见说明书,详见说明书,详见说明书,,,,,,True,,True,True
483,消糜栓,消糜栓,,,消糜栓，详见说明书,详见说明书,详见说明书,详见说明书,详见说明书,,,,,,True,,True,True
484,洁尔阴洗液,洁尔阴洗液,,,洁尔阴洗液，详见说明书,详见说明书,详见说明书,详见说明书,详见说明书,,,,,,True,,True,True
485,红核妇洁洗液,红核妇洁洗液,,,红核妇洁洗液，详见说明书,详见说明书,详见说明书,详见说明书,详见说明书,,,,,,True,,True,True
486,妇炎洁,妇炎洁,,,妇炎洁，详见说明书,详见说明书,详见说明书,详见说明书,详见说明书,,,,,,True,,True,True
487,聚维酮碘含漱液,聚维酮碘含漱液,,,聚维酮碘含漱液，详见说明书,详见说明书,详见说明书,详见说明书,详见说明书,,,,,,True,,True,True
488,克林霉素磷酸酯阴道凝胶,克林霉素磷酸酯阴道凝胶,,,克林霉素磷酸酯阴道凝胶，详见说明书,详见说明书,详见说明书,详见说明书,详见说明书,,,,,,True,,True,True
489,壬苯醇醚,壬苯醇醚,,,壬苯醇醚，详见说明书,详见说明书,详见说明书,详见说明书,详见说明书,,,,,,True,,True,True
490,苯扎氯铵,苯扎氯铵,,,苯扎氯铵，详见说明书,详见说明书,详见说明书,详见说明书,详见说明书,,,,,,True,,True,True
491,乳酸菌阴道胶囊,乳酸菌阴道胶囊,,,乳酸菌阴道胶囊，详见说明书,详见说明书,详见说明书,详见说明书,详见说明书,,,,,,True,,True,True
492,定君生,定君生,,,定君生，详见说明书,详见说明书,详见说明书,详见说明书,详见说明书,,,,,,True,,True,True
493,乌鸡白凤丸,乌鸡白凤丸,,,乌鸡白凤丸，详见说明书,详见说明书,详见说明书,详见说明书,详见说明书,,,,,,True,,True,True
494,加味逍遥丸,加味逍遥丸,,,加味逍遥丸，详见说明书,详见说明书,详见说明书,详见说明书,详见说明书,,,,,,True,,True,True
495,丹栀逍遥丸,丹栀逍遥丸,,,丹栀逍遥丸，详见说明书,详见说明书,详见说明书,详见说明书,详见说明书,,,,,,True,,True,True
496,妇科千金片,妇科千金片,,,妇科千金片，详见说明书,详见说明书,详见说明书,详见说明书,详见说明书,,,,,,True,,True,True
497,花红片,花红片,,,花红片，详见说明书,详见说明书,详见说明书,详见说明书,详见说明书,,,,,,True,,True,True
498,抗宫炎片,抗宫炎片,,,抗宫炎片，详见说明书,详见说明书,详见说明书,详见说明书,详见说明书,,,,,,True,,True,True
499,保济丸,保济丸,,,保济丸，详见说明书,详见说明书,详见说明书,详见说明书,详见说明书,,,,,,True,,True,True
500,艾附暖宫丸,艾附暖宫丸,,,艾附暖宫丸，详见说明书,详见说明书,详见说明书,详见说明书,详见说明书,,,,,,True,,True,True
501,益母草颗粒,益母草颗粒,,,益母草颗粒，详见说明书,详见说明书,详见说明书,详见说明书,详见说明书,,,,,,True,,True,True
502,小儿氨酚黄那敏颗粒,小儿氨酚黄那敏颗粒,,,小儿氨酚黄那敏颗粒，详见说明书,详见说明书,详见说明书,详见说明书,详见说明书,,,,,,True,,True,True
503,小儿布洛芬栓,小儿布洛芬栓,,,小儿布洛芬栓，详见说明书,详见说明书,详见说明书,详见说明书,详见说明书,,,,,,True,,True,True
504,小儿氨酚烷那敏颗粒,小儿氨酚烷那敏颗粒,,,小儿氨酚烷那敏颗粒，详见说明书,详见说明书,详见说明书,详见说明书,详见说明书,,,,,,True,,True,True
505,小儿感冒颗粒,小儿感冒颗粒,,,小儿感冒颗粒，详见说明书,详见说明书,详见说明书,详见说明书,详见说明书,,,,,,True,,True,True
506,小儿热速清口服液,小儿热速清口服液,,,小儿热速清口服液，详见说明书,详见说明书,详见说明书,详见说明书,详见说明书,,,,,,True,,True,True
507,小儿咽扁颗粒,小儿咽扁颗粒,,,小儿咽扁颗粒，详见说明书,详见说明书,详见说明书,详见说明书,详见说明书,,,,,,True,,True,True
508,小儿解感康,小儿解感康,,,小儿解感康，详见说明书,详见说明书,详见说明书,详见说明书,详见说明书,,,,,,True,,True,True
509,小儿止咳糖浆,小儿止咳糖浆,,,小儿止咳糖浆，详见说明书,详见说明书,详见说明书,详见说明书,详见说明书,,,,,,True,,True,True
510,小儿化痰止咳颗粒,小儿化痰止咳颗粒,,,小儿化痰止咳颗粒，详见说明书,详见说明书,详见说明书,详见说明书,详见说明书,,,,,,True,,True,True
511,小儿消积止咳口服液,小儿消积止咳口服液,,,小儿消积止咳口服液，详见说明书,详见说明书,详见说明书,详见说明书,详见说明书,,,,,,True,,True,True
512,醒脾养儿颗粒,醒脾养儿颗粒,,,醒脾养儿颗粒，详见说明书,详见说明书,详见说明书,详见说明书,详见说明书,,,,,,True,,True,True
513,婴儿健脾散,婴儿健脾散,,,婴儿健脾散，详见说明书,详见说明书,详见说明书,详见说明书,详见说明书,,,,,,True,,True,True
514,小儿康颗粒,小儿康颗粒,,,小儿康颗粒，详见说明书,详见说明书,详见说明书,详见说明书,详见说明书,,,,,,True,,True,True
515,小儿七星茶,小儿七星茶,,,小儿七星茶，详见说明书,详见说明书,详见说明书,详见说明书,详见说明书,,,,,,True,,True,True
516,王氏保赤丸,王氏保赤丸,,,王氏保赤丸，详见说明书,详见说明书,详见说明书,详见说明书,详见说明书,,,,,,True,,True,True
517,至宝锭,至宝锭,,,至宝锭，详见说明书,详见说明书,详见说明书,详见说明书,详见说明书,,,,,,True,,True,True
518,小儿咳喘灵,小儿咳喘灵,,,小儿咳喘灵，详见说明书,详见说明书,详见说明书,详见说明书,详见说明书,,,,,,True,,True,True
519,小儿肺热咳喘口服液,小儿肺热咳喘口服液,,,小儿肺热咳喘口服液，详见说明书,详见说明书,详见说明书,详见说明书,详见说明书,,,,,,True,,True,True
520,小儿豉翘清热颗粒,小儿豉翘清热颗粒,,,小儿豉翘清热颗粒，详见说明书,详见说明书,详见说明书,详见说明书,详见说明书,,,,,,True,,True,True
521,健儿清解液,健儿清解液,,,健儿清解液，详见说明书,详见说明书,详见说明书,详见说明书,详见说明书,,,,,,True,,True,True
522,小儿热速清,小儿热速清,,,小儿热速清，详见说明书,详见说明书,详见说明书,详见说明书,详见说明书,,,,,,True,,True,True
523,洛索洛芬钠片,洛索洛芬钠片,,,洛索洛芬钠片，详见说明书,详见说明书,详见说明书,详见说明书,详见说明书,,,,,,True,,True,True
524,来曲唑,来曲唑,,,来曲唑，详见说明书,详见说明书,详见说明书,详见说明书,详见说明书,,,,,,True,,True,True
525,阿那曲唑,阿那曲唑,,,阿那曲唑，详见说明书,详见说明书,详见说明书,详见说明书,详见说明书,,,,,,True,,True,True
526,依西美坦,依西美坦,,,依西美坦，详见说明书,详见说明书,详见说明书,详见说明书,详见说明书,,,,,,True,,True,True
527,他莫昔芬,他莫昔芬,,,他莫昔芬，详见说明书,详见说明书,详见说明书,详见说明书,详见说明书,,,,,,True,,True,True
528,托瑞米芬,托瑞米芬,,,托瑞米芬，详见说明书,详见说明书,详见说明书,详见说明书,详见说明书,,,,,,True,,True,True
529,氟维司群,氟维司群,,,氟维司群，详见说明书,详见说明书,详见说明书,详见说明书,详见说明书,,,,,,True,,True,True
530,吉非替尼,吉非替尼,,,吉非替尼，详见说明书,详见说明书,详见说明书,详见说明书,详见说明书,,,,,,True,,True,True
531,厄洛替尼,厄洛替尼,,,厄洛替尼，详见说明书,详见说明书,详见说明书,详见说明书,详见说明书,,,,,,True,,True,True
532,埃克替尼,埃克替尼,,,埃克替尼，详见说明书,详见说明书,详见说明书,详见说明书,详见说明书,,,,,,True,,True,True
533,奥希替尼,奥希替尼,,,奥希替尼，详见说明书,详见说明书,详见说明书,详见说明书,详见说明书,,,,,,True,,True,True
534,索拉非尼,索拉非尼,,,索拉非尼，详见说明书,详见说明书,详见说明书,详见说明书,详见说明书,,,,,,True,,True,True
535,舒尼替尼,舒尼替尼,,,舒尼替尼，详见说明书,详见说明书,详见说明书,详见说明书,详见说明书,,,,,,True,,True,True
536,伊马替尼,伊马替尼,,,伊马替尼，详见说明书,详见说明书,详见说明书,详见说明书,详见说明书,,,,,,True,,True,True
537,达沙替尼,达沙替尼,,,达沙替尼，详见说明书,详见说明书,详见说明书,详见说明书,详见说明书,,,,,,True,,True,True
538,尼洛替尼,尼洛替尼,,,尼洛替尼，详见说明书,详见说明书,详见说明书,详见说明书,详见说明书,,,,,,True,,True,True
539,拉帕替尼,拉帕替尼,,,拉帕替尼，详见说明书,详见说明书,详见说明书,详见说明书,详见说明书,,,,,,True,,True,True
540,帕唑帕尼,帕唑帕尼,,,帕唑帕尼，详见说明书,详见说明书,详见说明书,详见说明书,详见说明书,,,,,,True,,True,True
541,贝伐珠单抗,贝伐珠单抗,,,贝伐珠单抗，详见说明书,详见说明书,详见说明书,详见说明书,详见说明书,,,,,,True,,True,True
542,曲妥珠单抗,曲妥珠单抗,,,曲妥珠单抗，详见说明书,详见说明书,详见说明书,详见说明书,详见说明书,,,,,,True,,True,True
543,利妥昔单抗,利妥昔单抗,,,利妥昔单抗，详见说明书,详见说明书,详见说明书,详见说明书,详见说明书,,,,,,True,,True,True
544,西妥昔单抗,西妥昔单抗,,,西妥昔单抗，详见说明书,详见说明书,详见说明书,详见说明书,详见说明书,,,,,,True,,True,True
545,硼替佐米,硼替佐米,,,硼替佐米，详见说明书,详见说明书,详见说明书,详见说明书,详见说明书,,,,,,True,,True,True
546,卡铂,卡铂,,,卡铂，详见说明书,详见说明书,详见说明书,详见说明书,详见说明书,,,,,,True,,True,True
547,顺铂,顺铂,,,顺铂，详见说明书,详见说明书,详见说明书,详见说明书,详见说明书,,,,,,True,,True,True
548,奥沙利铂,奥沙利铂,,,奥沙利铂，详见说明书,详见说明书,详见说明书,详见说明书,详见说明书,,,,,,True,,True,True
549,紫杉醇,紫杉醇,,,紫杉醇，详见说明书,详见说明书,详见说明书,详见说明书,详见说明书,,,,,,True,,True,True
550,多西他赛,多西他赛,,,多西他赛，详见说明书,详见说明书,详见说明书,详见说明书,详见说明书,,,,,,True,,True,True
551,长春瑞滨,长春瑞滨,,,长春瑞滨，详见说明书,详见说明书,详见说明书,详见说明书,详见说明书,,,,,,True,,True,True
552,吉西他滨,吉西他滨,,,吉西他滨，详见说明书,详见说明书,详见说明书,详见说明书,详见说明书,,,,,,True,,True,True
553,氟尿嘧啶,氟尿嘧啶,,,氟尿嘧啶，详见说明书,详见说明书,详见说明书,详见说明书,详见说明书,,,,,,True,,True,True
554,卡培他滨,卡培他滨,,,卡培他滨，详见说明书,详见说明书,详见说明书,详见说明书,详见说明书,,,,,,True,,True,True
555,替吉奥胶囊,替吉奥胶囊,,,替吉奥胶囊，详见说明书,详见说明书,详见说明书,详见说明书,详见说明书,,,,,,True,,True,True
556,依托泊苷,依托泊苷,,,依托泊苷，详见说明书,详见说明书,详见说明书,详见说明书,详见说明书,,,,,,True,,True,True
557,多柔比星,多柔比星,,,多柔比星，详见说明书,详见说明书,详见说明书,详见说明书,详见说明书,,,,,,True,,True,True
558,表柔比星,表柔比星,,,表柔比星，详见说明书,详见说明书,详见说明书,详见说明书,详见说明书,,,,,,True,,True,True
559,甲氨蝶呤,甲氨蝶呤,,,甲氨蝶呤，详见说明书,详见说明书,详见说明书,详见说明书,详见说明书,,,,,,True,,True,True
560,环磷酰胺,环磷酰胺,,,环磷酰胺，详见说明书,详见说明书,详见说明书,详见说明书,详见说明书,,,,,,True,,True,True
561,长春新碱,长春新碱,,,长春新碱，详见说明书,详见说明书,详见说明书,详见说明书,详见说明书,,,,,,True,,True,True
562,长春地辛,长春地辛,,,长春地辛，详见说明书,详见说明书,详见说明书,详见说明书,详见说明书,,,,,,True,,True,True
563,柔红霉素,柔红霉素,,,柔红霉素，详见说明书,详见说明书,详见说明书,详见说明书,详见说明书,,,,,,True,,True,True
564,阿糖胞苷,阿糖胞苷,,,阿糖胞苷，详见说明书,详见说明书,详见说明书,详见说明书,详见说明书,,,,,,True,,True,True
565,氟达拉滨,氟达拉滨,,,氟达拉滨，详见说明书,详见说明书,详见说明书,详见说明书,详见说明书,,,,,,True,,True,True
566,羟基脲,羟基脲,,,羟基脲，详见说明书,详见说明书,详见说明书,详见说明书,详见说明书,,,,,,True,,True,True
567,白消安,白消安,,,白消安，详见说明书,详见说明书,详见说明书,详见说明书,详见说明书,,,,,,True,,True,True
568,干扰素,干扰素,,,干扰素，详见说明书,详见说明书,详见说明书,详见说明书,详见说明书,,,,,,True,,True,True
569,沙利度胺,沙利度胺,,,沙利度胺，详见说明书,详见说明书,详见说明书,详见说明书,详见说明书,,,,,,True,,True,True
570,来那度胺,来那度胺,,,来那度胺，详见说明书,详见说明书,详见说明书,详见说明书,详见说明书,,,,,,True,,True,True
571,泊马度胺,泊马度胺,,,泊马度胺，详见说明书,详见说明书,详见说明书,详见说明书,详见说明书,,,,,,True,,True,True
572,伊沙佐星,伊沙佐星,,,伊沙佐星，详见说明书,详见说明书,详见说明书,详见说明书,详见说明书,,,,,,True,,True,True
573,地西他滨,地西他滨,,,地西他滨，详见说明书,详见说明书,详见说明书,详见说明书,详见说明书,,,,,,True,,True,True
574,阿扎胞苷,阿扎胞苷,,,阿扎胞苷，详见说明书,详见说明书,详见说明书,详见说明书,详见说明书,,,,,,True,,True,True
575,替莫唑胺,替莫唑胺,,,替莫唑胺，详见说明书,详见说明书,详见说明书,详见说明书,详见说明书,,,,,,True,,True,True
576,硫唑嘌呤,硫唑嘌呤,,,硫唑嘌呤，详见说明书,详见说明书,详见说明书,详见说明书,详见说明书,,,,,,True,,True,True
577,环孢素,环孢素,,,环孢素，详见说明书,详见说明书,详见说明书,详见说明书,详见说明书,,,,,,True,,True,True
578,霉酚酸酯,霉酚酸酯,,,霉酚酸酯，详见说明书,详见说明书,详见说明书,详见说明书,详见说明书,,,,,,True,,True,True
579,咪唑立宾,咪唑立宾,,,咪唑立宾，详见说明书,详见说明书,详见说明书,详见说明书,详见说明书,,,,,,True,,True,True
580,克拉屈滨,克拉屈滨,,,克拉屈滨，详见说明书,详见说明书,详见说明书,详见说明书,详见说明书,,,,,,True,,True,True
581,白介素-2,白介素-2,,,白介素-2，详见说明书,详见说明书,详见说明书,详见说明书,详见说明书,,,,,,True,,True,True
582,胸腺法新,胸腺法新,,,胸腺法新，详见说明书,详见说明书,详见说明书,详见说明书,详见说明书,,,,,,True,,True,True
583,重组人干扰素α2b,重组人干扰素α2b,,,重组人干扰素α2b，详见说明书,详见说明书,详见说明书,详见说明书,详见说明书,,,,,,True,,True,True
584,重组人干扰素α1b,重组人干扰素α1b,,,重组人干扰素α1b，详见说明书,详见说明书,详见说明书,详见说明书,详见说明书,,,,,,True,,True,True
585,重组人干扰素γ,重组人干扰素γ,,,重组人干扰素γ，详见说明书,详见说明书,详见说明书,详见说明书,详见说明书,,,,,,True,,True,True
586,聚乙二醇干扰素α-2a,聚乙二醇干扰素α-2a,,,聚乙二醇干扰素α-2a，详见说明书,详见说明书,详见说明书,详见说明书,详见说明书,,,,,,True,,True,True
587,扎那米韦,扎那米韦,,,扎那米韦，详见说明书,详见说明书,详见说明书,详见说明书,详见说明书,,,,,,True,,True,True
588,帕拉米韦,帕拉米韦,,,帕拉米韦，详见说明书,详见说明书,详见说明书,详见说明书,详见说明书,,,,,,True,,True,True
589,阿比多尔,阿比多尔,,,阿比多尔，详见说明书,详见说明书,详见说明书,详见说明书,详见说明书,,,,,,True,,True,True
590,利巴韦林,利巴韦林,,,利巴韦林，详见说明书,详见说明书,详见说明书,详见说明书,详见说明书,,,,,,True,,True,True
591,更昔洛韦,更昔洛韦,,,更昔洛韦，详见说明书,详见说明书,详见说明书,详见说明书,详见说明书,,,,,,True,,True,True
592,缬更昔洛韦,缬更昔洛韦,,,缬更昔洛韦，详见说明书,详见说明书,详见说明书,详见说明书,详见说明书,,,,,,True,,True,True
593,伐昔洛韦,伐昔洛韦,,,伐昔洛韦，详见说明书,详见说明书,详见说明书,详见说明书,详见说明书,,,,,,True,,True,True
594,泛昔洛韦,泛昔洛韦,,,泛昔洛韦，详见说明书,详见说明书,详见说明书,详见说明书,详见说明书,,,,,,True,,True,True
595,阿昔洛韦,阿昔洛韦,,,阿昔洛韦，详见说明书,详见说明书,详见说明书,详见说明书,详见说明书,,,,,,True,,True,True
596,拉米夫定,拉米夫定,,,拉米夫定，详见说明书,详见说明书,详见说明书,详见说明书,详见说明书,,,,,,True,,True,True
597,阿德福韦酯,阿德福韦酯,,,阿德福韦酯，详见说明书,详见说明书,详见说明书,详见说明书,详见说明书,,,,,,True,,True,True
598,恩替卡韦,恩替卡韦,,,恩替卡韦，详见说明书,详见说明书,详见说明书,详见说明书,详见说明书,,,,,,True,,True,True
599,替比夫定,替比夫定,,,替比夫定，详见说明书,详见说明书,详见说明书,详见说明书,详见说明书,,,,,,True,,True,True
600,替诺福韦,替诺福韦,,,替诺福韦，详见说明书,详见说明书,详见说明书,详见说明书,详见说明书,,,,,,True,,True,True
601,索磷布韦,索磷布韦,,,索磷布韦，详见说明书,详见说明书,详见说明书,详见说明书,详见说明书,,,,,,True,,True,True
602,达卡他韦,达卡他韦,,,达卡他韦，详见说明书,详见说明书,详见说明书,详见说明书,详见说明书,,,,,,True,,True,True
603,奥比他韦,奥比他韦,,,奥比他韦，详见说明书,详见说明书,详见说明书,详见说明书,详见说明书,,,,,,True,,True,True
604,维帕他韦,维帕他韦,,,维帕他韦，详见说明书,详见说明书,详见说明书,详见说明书,详见说明书,,,,,,True,,True,True
605,格拉瑞瑞韦,格拉瑞瑞韦,,,格拉瑞瑞韦，详见说明书,详见说明书,详见说明书,详见说明书,详见说明书,,,,,,True,,True,True
606,氟康唑,氟康唑,,,氟康唑，详见说明书,详见说明书,详见说明书,详见说明书,详见说明书,,,,,,True,,True,True
607,伊曲康唑,伊曲康唑,,,伊曲康唑，详见说明书,详见说明书,详见说明书,详见说明书,详见说明书,,,,,,True,,True,True
608,伏立康唑,伏立康唑,,,伏立康唑，详见说明书,详见说明书,详见说明书,详见说明书,详见说明书,,,,,,True,,True,True
609,泊沙康唑,泊沙康唑,,,泊沙康唑，详见说明书,详见说明书,详见说明书,详见说明书,详见说明书,,,,,,True,,True,True
610,两性霉素B,两性霉素b,,,两性霉素B，详见说明书,详见说明书,详见说明书,详见说明书,详见说明书,,,,,,True,,True,True
611,制霉菌素,制霉菌素,,,制霉菌素，详见说明书,详见说明书,详见说明书,详见说明书,详见说明书,,,,,,True,,True,True
612,克霉唑,克霉唑,,,克霉唑，详见说明书,详见说明书,详见说明书,详见说明书,详见说明书,,,,,,True,,True,True
613,咪康唑,咪康唑,,,咪康唑，详见说明书,详见说明书,详见说明书,详见说明书,详见说明书,,,,,,True,,True,True
614,酮康唑,酮康唑,,,酮康唑，详见说明书,详见说明书,详见说明书,详见说明书,详见说明书,,,,,,True,,True,True
615,特比萘芬,特比萘芬,,,特比萘芬，详见说明书,详见说明书,详见说明书,详见说明书,详见说明书,,,,,,True,,True,True
616,联苯苄唑,联苯苄唑,,,联苯苄唑，详见说明书,详见说明书,详见说明书,详见说明书,详见说明书,,,,,,True,,True,True
617,卡泊芬净,卡泊芬净,,,卡泊芬净，详见说明书,详见说明书,详见说明书,详见说明书,详见说明书,,,,,,True,,True,True
618,米卡芬净,米卡芬净,,,米卡芬净，详见说明书,详见说明书,详见说明书,详见说明书,详见说明书,,,,,,True,,True,True
619,阿莫罗芬,阿莫罗芬,,,阿莫罗芬，详见说明书,详见说明书,详见说明书,详见说明书,详见说明书,,,,,,True,,True,True
620,环吡酮胺,环吡酮胺,,,环吡酮胺，详见说明书,详见说明书,详见说明书,详见说明书,详见说明书,,,,,,True,,True,True
621,舍他康唑,舍他康唑,,,舍他康唑，详见说明书,详见说明书,详见说明书,详见说明书,详见说明书,,,,,,True,,True,True
622,氟胞嘧啶,氟胞嘧啶,,,氟胞嘧啶，详见说明书,详见说明书,详见说明书,详见说明书,详见说明书,,,,,,True,,True,True
623,阿苯达唑,阿苯达唑,,,阿苯达唑，详见说明书,详见说明书,详见说明书,详见说明书,详见说明书,,,,,,True,,True,True
624,甲苯咪唑,甲苯咪唑,,,甲苯咪唑，详见说明书,详见说明书,详见说明书,详见说明书,详见说明书,,,,,,True,,True,True
625,吡喹酮,吡喹酮,,,吡喹酮，详见说明书,详见说明书,详见说明书,详见说明书,详见说明书,,,,,,True,,True,True
626,氯喹,氯喹,,,氯喹，详见说明书,详见说明书,详见说明书,详见说明书,详见说明书,,,,,,True,,True,True
627,青蒿素,青蒿素,,,青蒿素，详见说明书,详见说明书,详见说明书,详见说明书,详见说明书,,,,,,True,,True,True
628,蒿甲醚,蒿甲醚,,,蒿甲醚，详见说明书,详见说明书,详见说明书,详见说明书,详见说明书,,,,,,True,,True,True
629,双氢青蒿素,双氢青蒿素,,,双氢青蒿素，详见说明书,详见说明书,详见说明书,详见说明书,详见说明书,,,,,,True,,True,True
630,青蒿琥酯,青蒿琥酯,,,青蒿琥酯，详见说明书,详见说明书,详见说明书,详见说明书,详见说明书,,,,,,True,,True,True
631,本芴醇,本芴醇,,,本芴醇，详见说明书,详见说明书,详见说明书,详见说明书,详见说明书,,,,,,True,,True,True
632,乙胺嗪,乙胺嗪,,,乙胺嗪，详见说明书,详见说明书,详见说明书,详见说明书,详见说明书,,,,,,True,,True,True
633,硝唑尼特,硝唑尼特,,,硝唑尼特，详见说明书,详见说明书,详见说明书,详见说明书,详见说明书,,,,,,True,,True,True
634,葡萄糖试纸,葡萄糖试纸,,,葡萄糖试纸，详见说明书,详见说明书,详见说明书,详见说明书,详见说明书,,,,,,True,,True,True
635,尿糖试纸,尿糖试纸,,,尿糖试纸，详见说明书,详见说明书,详见说明书,详见说明书,详见说明书,,,,,,True,,True,True
636,早早孕试纸,早早孕试纸,,,早早孕试纸，详见说明书,详见说明书,详见说明书,详见说明书,详见说明书,,,,,,True,,True,True
637,排卵试纸,排卵试纸,,,排卵试纸，详见说明书,详见说明书,详见说明书,详见说明书,详见说明书,,,,,,True,,True,True
638,幽门螺杆菌检测试纸,幽门螺杆菌检测试纸,,,幽门螺杆菌检测试纸，详见说明书,详见说明书,详见说明书,详见说明书,详见说明书,,,,,,True,,True,True
639,乙肝试纸,乙肝试纸,,,乙肝试纸，详见说明书,详见说明书,详见说明书,详见说明书,详见说明书,,,,,,True,,True,True
640,丙肝试纸,丙肝试纸,,,丙肝试纸，详见说明书,详见说明书,详见说明书,详见说明书,详见说明书,,,,,,True,,True,True
641,艾滋病检测试纸,艾滋病检测试纸,,,艾滋病检测试纸，详见说明书,详见说明书,详见说明书,详见说明书,详见说明书,,,,,,True,,True,True
